Iite,Isim,Iloss,Ipara,Irun,p2,p3,p4,p5,Igrid
10,2,0.8141832,63.2061836  0.0876862  0.2019211 50.6583452,218,63.2061836,0.0876862,0.2019211,50.6583452,001.0-071.0
13,23,0.61688348,61.0839464  0.0005999  0.3874528  8.6291035,311,61.0839464,0.0005999,0.3874528,8.6291035,001.0-073.0
16,5,0.92063948,69.1106851  0.090625   0.2045444 97.6233158,365,69.1106851,0.090625,0.2045444,97.6233158,003.0-077.0
8,30,0.38930794,62.0867672  0.0834864  0.143446  31.299552 ,198,62.0867672,0.0834864,0.143446,31.299552,005.0-069.0
10,9,0.50019441,63.5052292  0.0875     0.1624111 18.3198856,225,63.5052292,0.0875,0.1624111,18.3198856,005.0-071.0
9,13,0.67309225,60.3124072  0.094591   0.330098  62.3101169,205,60.3124072,0.094591,0.330098,62.3101169,007.0-071.0
12,18,0.43927846,67.3304001  0.0820086  0.1840264 99.3873822,282,67.3304001,0.0820086,0.1840264,99.3873822,007.0-077.0
14,4,0.64824285,68.8561879  0.08125    0.1125    80.4387467,316,68.8561879,0.08125,0.1125,80.4387467,009.0-075.0
15,26,0.40900258,60.1653598  0.0690374  0.1768487 35.3016625,362,60.1653598,0.0690374,0.1768487,35.3016625,009.0-077.0
14,16,0.44974545,62.514509   0.0039924  0.3846033  7.166996 ,328,62.514509,0.0039924,0.3846033,7.166996,009.0-087.0
14,3,0.31180334,58.4623365  0.046875   0.35625    5.8480042,315,58.4623365,0.046875,0.35625,5.8480042,021.0-071.0
13,29,1.4035158,66.1801803  0.0012653  0.350546  14.188788 ,317,66.1801803,0.0012653,0.350546,14.188788,021.0-111.0
13,15,0.84479763,60.3186111  0.0024815  0.3336394 11.6390376,303,60.3186111,0.0024815,0.3336394,11.6390376,023.0-111.0
6,22,0.12825783,40.4395995  0.0091976  0.375      9.0033957,142,40.4395995,0.0091976,0.375,9.0033957,025.0-109.0
9,29,0.60978199,64.5790721  0.071875   0.1940373 22.3853264,221,64.5790721,0.071875,0.1940373,22.3853264,029.0-073.0
14,23,0.69305266,65.1835057  0.0001214  0.3924539  6.0829442,335,65.1835057,0.0001214,0.3924539,6.0829442,031.0-073.0
15,15,1.1798208,51.831291   0.0006899  0.3918393 86.7012553,351,51.831291,0.0006899,0.3918393,86.7012553,067.0-115.0
8,31,0.77602709,69.9273702  0.0001028  0.2339317 99.7210419,199,69.9273702,0.0001028,0.2339317,99.7210419,067.0-117.0
8,3,0.70622649,57.0136233  0.0017967  0.1129159 99.9865891,171,57.0136233,0.0017967,0.1129159,99.9865891,067.0-119.0
7,7,1.2884065,69.4056769  0.0012596  0.1012812 99.8840538,151,69.4056769,0.0012596,0.1012812,99.8840538,069.0-115.0
14,30,0.62922669,46.2707022  0.0069816  0.1758896 63.3341651,342,46.2707022,0.0069816,0.1758896,63.3341651,069.0-117.0
7,15,0.38586065,69.3544234  0.0033672  0.1089325 92.0105222,159,69.3544234,0.0033672,0.1089325,92.0105222,069.0-119.0
15,31,0.87559369,49.7802793  0.019698   0.3915651 88.7177386,367,49.7802793,0.019698,0.3915651,88.7177386,071.0-115.0
13,11,0.41962374,69.9561682  0.0004556  0.2694595 99.6227042,299,69.9561682,0.0004556,0.2694595,99.6227042,071.0-117.0
7,19,0.33376484,69.5821219  0.00625    0.2983977 24.5328086,163,69.5821219,0.00625,0.2983977,24.5328086,073.0-113.0
16,19,0.14192039,66.5764769  0.0338722  0.3725324 21.2895048,379,66.5764769,0.0338722,0.3725324,21.2895048,073.0-115.0
15,1,0.5078929,52.7473268  0.0113719  0.1850811 14.5431288,337,52.7473268,0.0113719,0.1850811,14.5431288,075.0-109.0
12,11,0.045461419,52.173213   0.121875   0.3043391 18.3166582,275,52.173213,0.121875,0.3043391,18.3166582,075.0-111.0
9,8,0.22218923,69.846501   0.1704673  0.3446487 84.0267606,200,69.846501,0.1704673,0.3446487,84.0267606,075.0-113.0
15,23,0.71253461,66.5293719  0.0047552  0.2253368 41.8189383,359,66.5293719,0.0047552,0.2253368,41.8189383,077.0-107.0
6,30,0.64158716,66.3499077  0.0135007  0.1569262 10.0563291,150,66.3499077,0.0135007,0.1569262,10.0563291,077.0-109.0
13,0,0.25867121,69.8403113  0.053125   0.259375  29.9525647,288,69.8403113,0.053125,0.259375,29.9525647,079.0-107.0
7,27,0.088116291,63.2291667  0.13125    0.4       83.523096 ,171,63.2291667,0.13125,0.4,83.523096,081.0-107.0
10,7,1.0188714,69.6607549  0.0007987  0.3511692 98.6946282,223,69.6607549,0.0007987,0.3511692,98.6946282,081.0-113.0
7,20,0.39360218,52.2994272  0.028125   0.3375    25.3246612,164,52.2994272,0.028125,0.3375,25.3246612,083.0-105.0
15,25,0.19260209,66.875      0.134375   0.253125  96.0416667,361,66.875,0.134375,0.253125,96.0416667,083.0-107.0
13,31,0.26410833,56.808475   0.0375     0.2721193 31.3666734,319,56.808475,0.0375,0.2721193,31.3666734,083.0-109.0
12,22,0.34632101,55.9581083  0.065625   0.2807811 76.057855 ,286,55.9581083,0.065625,0.2807811,76.057855,083.0-111.0
14,31,0.44795,62.8681259  0.0024557  0.3974366 31.7304891,343,62.8681259,0.0024557,0.3974366,31.7304891,083.0-113.0
15,31,0.37059706,55.6273293  0.0001902  0.1935807 95.9110643,367,55.6273293,0.0001902,0.1935807,95.9110643,083.0-115.0
12,3,0.11242403,68.0023607  0.0062439  0.242664  10.9085418,267,68.0023607,0.0062439,0.242664,10.9085418,083.0-117.0
16,11,0.1309942,49.8994088  0.0055318  0.3830032 11.4455122,371,49.8994088,0.0055318,0.3830032,11.4455122,085.0-105.0
8,24,0.050402611,52.6180127  0.0967099  0.3693388 22.6332568,192,52.6180127,0.0967099,0.3693388,22.6332568,085.0-107.0
15,24,0.59907894,69.9874801  0.0773779  0.3591812 98.6467816,360,69.9874801,0.0773779,0.3591812,98.6467816,085.0-109.0
12,30,1.032592,67.326267   0.078125   0.2803625 79.6238345,294,67.326267,0.078125,0.2803625,79.6238345,087.0-105.0
15,14,0.29787443,22.9804024  0.0025239  0.178338  98.0692859,350,22.9804024,0.0025239,0.178338,98.0692859,087.0-107.0
12,19,0.61071343,39.1385092  0.0177112  0.3997136 82.1410884,283,39.1385092,0.0177112,0.3997136,82.1410884,087.0-109.0
16,10,0.31362206,62.0473305  0.0065483  0.3513702 52.4741364,370,62.0473305,0.0065483,0.3513702,52.4741364,089.0-089.0
12,7,0.32431773,69.853557   0.0934108  0.115509  24.460948 ,271,69.853557,0.0934108,0.115509,24.460948,089.0-103.0
15,26,0.06252596,39.7450279  0.1210931  0.1167481 50.6853904,362,39.7450279,0.1210931,0.1167481,50.6853904,089.0-105.0
10,31,0.4698832,64.1751623  0.0658175  0.399339  96.6507665,247,64.1751623,0.0658175,0.399339,96.6507665,089.0-109.0
7,7,0.79391862,61.5607559  0.0079075  0.3971065 59.9205118,151,61.5607559,0.0079075,0.3971065,59.9205118,089.0-111.0
15,22,0.4640743,47.4829826  0.2151546  0.3166618 94.6563296,358,47.4829826,0.2151546,0.3166618,94.6563296,089.0-119.0
15,7,0.051848959,37.2953252  0.0021713  0.3946396 14.0516068,343,37.2953252,0.0021713,0.3946396,14.0516068,091.0-089.0
14,26,0.35971084,67.8145306  0.1381221  0.3787728 16.7398788,338,67.8145306,0.1381221,0.3787728,16.7398788,091.0-103.0
14,9,0.28133448,59.6168372  0.07104    0.3688115 33.7250045,321,59.6168372,0.07104,0.3688115,33.7250045,091.0-105.0
14,13,1.4375747,61.5545635  0.090625   0.39375   91.6763039,325,61.5545635,0.090625,0.39375,91.6763039,091.0-107.0
13,14,0.25087836,50.7291667  0.171875   0.159375  26.1695056,302,50.7291667,0.171875,0.159375,26.1695056,091.0-109.0
10,27,1.127387,58.3689423  0.0004977  0.3149949 64.9331872,243,58.3689423,0.0004977,0.3149949,64.9331872,091.0-111.0
10,18,0.43311327,35.1041667  0.11875    0.134375  55.4269579,234,35.1041667,0.11875,0.134375,55.4269579,091.0-119.0
6,11,0.07628372,69.0519287  0.0823978  0.3394326  5.314099 ,131,69.0519287,0.0823978,0.3394326,5.314099,093.0-101.0
8,26,0.71007027,67.7399541  0.16875    0.228125  64.4590103,194,67.7399541,0.16875,0.228125,64.4590103,093.0-103.0
15,11,1.3146222,69.8443787  0.0556178  0.3736736 99.9890593,347,69.8443787,0.0556178,0.3736736,99.9890593,093.0-105.0
14,15,0.76292146,48.9668248  0.0401889  0.1054218 66.1381042,327,48.9668248,0.0401889,0.1054218,66.1381042,093.0-109.0
14,18,0.32273367,65.2106503  0.0445413  0.376953   9.1693002,330,65.2106503,0.0445413,0.376953,9.1693002,093.0-111.0
8,5,0.19109205,68.0479323  0.1714782  0.190625  16.9825013,173,68.0479323,0.1714782,0.190625,16.9825013,095.0-099.0
14,0,0.22316688,69.7109533  0.2850746  0.3949986 98.8917826,312,69.7109533,0.2850746,0.3949986,98.8917826,095.0-101.0
11,28,0.53074853,60.8266429  0.078125   0.1005366 99.8206081,268,60.8266429,0.078125,0.1005366,99.8206081,095.0-105.0
8,28,0.73464714,54.1296227  0.0375     0.35625    6.3119911,196,54.1296227,0.0375,0.35625,6.3119911,095.0-107.0
5,13,0.67360566,54.1296257  0.0494442  0.1442024 40.7816152,109,54.1296257,0.0494442,0.1442024,40.7816152,095.0-111.0
14,3,0.50678654,60.38707    0.06875    0.3153809 71.2942582,315,60.38707,0.06875,0.3153809,71.2942582,095.0-113.0
6,15,0.43700332,63.9842908  0.2357341  0.2797098 23.4389868,135,63.9842908,0.2357341,0.2797098,23.4389868,097.0-099.0
12,29,0.33928932,64.4900261  0.1050874  0.2499894 75.6970708,293,64.4900261,0.1050874,0.2499894,75.6970708,097.0-101.0
7,9,0.53596937,34.0625     0.01875    0.3349104 69.9570532,153,34.0625,0.01875,0.3349104,69.9570532,097.0-103.0
15,6,0.5087803,55.0240176  0.06875    0.1438571 51.4455517,342,55.0240176,0.06875,0.1438571,51.4455517,097.0-105.0
10,25,0.37688844,56.3373728  0.0559155  0.1707717 22.6476419,241,56.3373728,0.0559155,0.1707717,22.6476419,097.0-111.0
11,23,0.32627373,57.5        0.06875    0.2387128 91.2826197,263,57.5,0.06875,0.2387128,91.2826197,097.0-113.0
5,20,0.3735535,69.7129594  0.075      0.2894937 35.6626864,116,69.7129594,0.075,0.2894937,35.6626864,097.0-117.0
11,7,0.086535889,57.0538522  0.065625   0.1228195 71.4708444,247,57.0538522,0.065625,0.1228195,71.4708444,097.0-119.0
8,19,0.90099306,69.2532413  0.0007759  0.3981277 99.8617172,187,69.2532413,0.0007759,0.3981277,99.8617172,099.0-085.0
15,7,1.7219943,64.7163073  0.00625    0.1694685 99.8639275,343,64.7163073,0.00625,0.1694685,99.8639275,099.0-087.0
9,19,0.34738836,68.7792259  0.0009443  0.3875253 31.3450653,211,68.7792259,0.0009443,0.3875253,31.3450653,099.0-089.0
5,19,0.32564775,41.4558056  0.0875     0.3611819 18.6526532,115,41.4558056,0.0875,0.3611819,18.6526532,099.0-091.0
5,27,0.65065817,44.4791667  0.20625    0.3836865 93.0727564,123,44.4791667,0.20625,0.3836865,93.0727564,099.0-097.0
8,10,0.55032119,69.9781273  0.0941994  0.3977935 99.8795438,178,69.9781273,0.0941994,0.3977935,99.8795438,099.0-099.0
14,14,0.6736868,65.6177727  0.065625   0.1092243 24.7916667,326,65.6177727,0.065625,0.1092243,24.7916667,099.0-103.0
9,23,0.78707724,64.5719149  0.0534894  0.3095744 91.970787 ,215,64.5719149,0.0534894,0.3095744,91.970787,099.0-109.0
14,18,0.073962527,63.2291667  0.065625   0.16875   44.5833333,330,63.2291667,0.065625,0.16875,44.5833333,099.0-111.0
15,3,0.31492808,62.7083333  0.084375   0.3569483 59.1134641,339,62.7083333,0.084375,0.3569483,59.1134641,099.0-113.0
6,19,0.73609127,59.7094847  0.0489853  0.2357733 31.0088019,139,59.7094847,0.0489853,0.2357733,31.0088019,099.0-115.0
16,16,0.66520615,62.1594335  0.0560058  0.1041501 86.5278573,376,62.1594335,0.0560058,0.1041501,86.5278573,099.0-117.0
6,30,0.32722028,48.4606021  0.0072837  0.3893935  8.5720463,150,48.4606021,0.0072837,0.3893935,8.5720463,099.0-119.0
11,31,0.10873992,70.        0.20625   0.1625  100.     ,271,70,0.20625,0.1625,100,101.0-087.0
12,23,0.80598476,35.304944   0.1001279  0.3873715 11.8595328,287,35.304944,0.1001279,0.3873715,11.8595328,101.0-091.0
6,18,0.064855626,32.8368453  0.10625    0.3723469 25.8814485,138,32.8368453,0.10625,0.3723469,25.8814485,101.0-093.0
13,8,0.29837215,64.3590336  0.2947623  0.3555291 89.3929392,296,64.3590336,0.2947623,0.3555291,89.3929392,101.0-097.0
10,28,0.43802853,66.9400096  0.28125    0.396875  99.9721191,244,66.9400096,0.28125,0.396875,99.9721191,101.0-099.0
10,23,0.53449563,68.2435673  0.078125   0.3890114 78.6912704,239,68.2435673,0.078125,0.3890114,78.6912704,101.0-109.0
15,14,0.48842144,31.6965998  0.0046411  0.2136738 51.0518982,350,31.6965998,0.0046411,0.2136738,51.0518982,101.0-111.0
5,14,0.37492416,59.1993842  0.065625   0.3933371 74.0237281,110,59.1993842,0.065625,0.3933371,74.0237281,101.0-113.0
11,22,0.068136323,38.8696238  0.01875    0.3943313  8.330659 ,262,38.8696238,0.01875,0.3943313,8.330659,101.0-115.0
17,18,0.10523084,30.6713604  0.003125   0.328125  76.8471077,402,30.6713604,0.003125,0.328125,76.8471077,101.0-117.0
13,26,4.5021063,36.8592253  0.0018886  0.1000891 97.7025051,314,36.8592253,0.0018886,0.1000891,97.7025051,103.0-093.0
16,1,4.7450893,69.8606624  0.109375   0.103125  99.7869171,361,69.8606624,0.109375,0.103125,99.7869171,103.0-095.0
6,17,0.13108443,42.65638    0.2216103  0.3893586 23.892777 ,137,42.65638,0.2216103,0.3893586,23.892777,103.0-097.0
14,5,0.43713076,61.3029102  0.2581297  0.1482336 90.2768908,317,61.3029102,0.2581297,0.1482336,90.2768908,103.0-099.0
11,11,0.47009836,66.3363015  0.084375   0.1965508 56.923342 ,251,66.3363015,0.084375,0.1965508,56.923342,103.0-107.0
12,14,0.37610562,59.9231997  0.065625   0.184375   9.0433802,278,59.9231997,0.065625,0.184375,9.0433802,103.0-109.0
8,23,0.28732243,55.0385498  0.04375    0.3080033 22.3017954,191,55.0385498,0.04375,0.3080033,22.3017954,103.0-111.0
11,6,0.074337618,58.9654816  0.059375   0.3974695 12.8618945,246,58.9654816,0.059375,0.3974695,12.8618945,103.0-113.0
7,22,0.065261959,54.8958333  0.059375   0.3154392 14.276466 ,166,54.8958333,0.059375,0.3154392,14.276466,103.0-115.0
15,31,0.1387866,69.8204532  0.0764954  0.2575149 18.1040118,367,69.8204532,0.0764954,0.2575149,18.1040118,103.0-117.0
12,9,0.97998236,58.359875   0.0744824  0.264477  99.9926291,273,58.359875,0.0744824,0.264477,99.9926291,105.0-099.0
9,8,0.57518141,51.6168744  0.0753947  0.2859617 90.5667109,200,51.6168744,0.0753947,0.2859617,90.5667109,105.0-101.0
10,15,0.16101904,61.5429757  0.0791698  0.1378688 93.4700783,231,61.5429757,0.0791698,0.1378688,93.4700783,105.0-109.0
17,8,0.40161653,63.1422635  0.046875   0.190625  13.9533407,392,63.1422635,0.046875,0.190625,13.9533407,105.0-111.0
12,2,0.11481064,49.4263843  0.0256572  0.3983863  5.4552086,266,49.4263843,0.0256572,0.3983863,5.4552086,105.0-113.0
8,29,0.28354527,60.2045523  0.0734463  0.2987292 50.1461693,197,60.2045523,0.0734463,0.2987292,50.1461693,105.0-115.0
16,4,0.79638324,21.0488929  0.0189475  0.1507703 88.6444772,364,21.0488929,0.0189475,0.1507703,88.6444772,107.0-099.0
7,31,0.34903493,48.125      0.034375   0.3923669 31.3411955,175,48.125,0.034375,0.3923669,31.3411955,107.0-101.0
15,4,0.23093746,65.3085479  0.059375   0.31875   23.2559189,340,65.3085479,0.059375,0.31875,23.2559189,107.0-109.0
14,27,0.073719338,58.7971388  0.0406769  0.2547428  5.9118988,339,58.7971388,0.0406769,0.2547428,5.9118988,107.0-111.0
14,7,0.08366486,43.1987082  0.0341959  0.2669975 15.5522523,319,43.1987082,0.0341959,0.2669975,15.5522523,107.0-113.0
16,19,0.24553791,63.7823096  0.190625   0.2818665 26.6600905,379,63.7823096,0.190625,0.2818665,26.6600905,109.0-099.0
13,31,0.64397576,64.1732815  0.0215596  0.3688117 98.403057 ,319,64.1732815,0.0215596,0.3688117,98.403057,109.0-101.0
7,22,0.16215966,65.1264312  0.0022861  0.2865736 73.7213699,166,65.1264312,0.0022861,0.2865736,73.7213699,109.0-103.0
12,13,0.76294628,63.7888414  0.034375   0.2678451 96.5203621,277,63.7888414,0.034375,0.2678451,96.5203621,109.0-107.0
11,11,0.33012116,69.2725761  0.0340156  0.3033362 91.918536 ,251,69.2725761,0.0340156,0.3033362,91.918536,109.0-109.0
6,5,0.070699655,43.4099396  0.0125     0.1303076  5.0023366,125,43.4099396,0.0125,0.1303076,5.0023366,109.0-111.0
10,29,1.2485059,59.0801525  0.0006679  0.3438505 95.1596546,245,59.0801525,0.0006679,0.3438505,95.1596546,111.0-101.0
9,15,0.94815711,63.7684645  0.0009992  0.1301599 86.0042366,207,63.7684645,0.0009992,0.1301599,86.0042366,111.0-103.0
11,3,0.74933916,68.4782844  0.0611185  0.386613  99.9140756,243,68.4782844,0.0611185,0.386613,99.9140756,111.0-109.0
12,31,0.61314013,68.4171883  0.0014607  0.3983773  9.8115416,295,68.4171883,0.0014607,0.3983773,9.8115416,113.0-101.0
15,31,0.090896139,28.9506386  0.003125   0.3176382 60.5977634,367,28.9506386,0.003125,0.3176382,60.5977634,113.0-107.0
14,15,0.59592953,58.762293   0.0666595  0.1320858 13.9280656,327,58.762293,0.0666595,0.1320858,13.9280656,113.0-109.0
13,27,0.66243116,64.6863873  0.00625    0.3490491 17.3659503,315,64.6863873,0.00625,0.3490491,17.3659503,115.0-101.0
15,28,0.29451414,47.4250454  0.046875   0.375     31.6028922,364,47.4250454,0.046875,0.375,31.6028922,115.0-107.0
10,29,0.52116856,64.2709439  0.0986082  0.3899009 91.6242783,245,64.2709439,0.0986082,0.3899009,91.6242783,115.0-109.0
15,31,0.32047423,65.6549136  0.0011024  0.3998317  6.4916078,367,65.6549136,0.0011024,0.3998317,6.4916078,115.0-123.0
16,6,0.58872601,65.4437744  0.089422   0.3479834  7.6216237,366,65.4437744,0.089422,0.3479834,7.6216237,117.0-099.0
6,27,0.82805643,62.7083333  0.01875    0.2616389 10.3653622,147,62.7083333,0.01875,0.2616389,10.3653622,117.0-101.0
16,10,0.064667572,61.1458333  0.0875     0.228125  55.7301956,370,61.1458333,0.0875,0.228125,55.7301956,117.0-107.0
16,18,0.22818591,66.8298262  0.0893875  0.2897977 93.7485661,378,66.8298262,0.0893875,0.2897977,93.7485661,117.0-109.0
6,24,0.37592081,64.2653813  0.2125     0.2990828 63.9684436,144,64.2653813,0.2125,0.2990828,63.9684436,119.0-099.0
15,10,0.43605462,59.0625    0.171875  0.28125  70.3125  ,346,59.0625,0.171875,0.28125,70.3125,119.0-101.0
8,18,0.32900538,50.622312   0.0625     0.3351434 11.639162 ,186,50.622312,0.0625,0.3351434,11.639162,119.0-103.0
7,30,0.35774314,65.4038106  0.1016013  0.2619358 58.8769425,174,65.4038106,0.1016013,0.2619358,58.8769425,119.0-105.0
12,31,0.42228115,63.3388451  0.088072   0.2527393 95.4866948,295,63.3388451,0.088072,0.2527393,95.4866948,119.0-107.0
16,7,0.442665,68.2072689  0.2593079  0.378125  92.781285 ,367,68.2072689,0.2593079,0.378125,92.781285,121.0-097.0
10,5,0.5879026,66.8689591  0.1011061  0.265914  68.5351439,221,66.8689591,0.1011061,0.265914,68.5351439,121.0-099.0
12,3,0.10596597,29.5264398  0.004373   0.3108977 37.65625  ,267,29.5264398,0.004373,0.3108977,37.65625,121.0-103.0
14,20,0.22931497,57.9399056  0.178125   0.1370231 78.8726348,332,57.9399056,0.178125,0.1370231,78.8726348,123.0-095.0
16,15,0.40227299,63.7318312  0.0758434  0.2565218 36.019732 ,375,63.7318312,0.0758434,0.2565218,36.019732,123.0-097.0
15,29,0.42547591,68.0248968  0.1375     0.340625  32.7727722,365,68.0248968,0.1375,0.340625,32.7727722,125.0-095.0
10,23,0.58335309,69.4791667  0.2375     0.3996472 14.5733602,239,69.4791667,0.2375,0.3996472,14.5733602,127.0-095.0
10,25,0.75609611,69.586779   0.071875   0.2697771 13.0071629,241,69.586779,0.071875,0.2697771,13.0071629,129.0-089.0
15,31,0.68760264,66.1397741  0.0492883  0.3914145  8.162704 ,367,66.1397741,0.0492883,0.3914145,8.162704,129.0-091.0
14,26,0.67229053,66.377933   0.0666883  0.3800475 17.4579567,338,66.377933,0.0666883,0.3800475,17.4579567,129.0-093.0
5,15,0.21247754,52.9156074  0.221875   0.3118845 24.7916667,111,52.9156074,0.221875,0.3118845,24.7916667,129.0-095.0
12,26,0.72705623,69.9793122  0.0005635  0.3701454  5.0263687,290,69.9793122,0.0005635,0.3701454,5.0263687,131.0-063.0
16,11,1.1587919,69.9296828  0.0006022  0.1019628 19.6877534,371,69.9296828,0.0006022,0.1019628,19.6877534,131.0-065.0
11,11,0.58644585,59.5833333  0.059375   0.196875  31.71875  ,251,59.5833333,0.059375,0.196875,31.71875,131.0-089.0
5,6,0.78757016,65.5319597  0.053125   0.1421774 17.8645833,102,65.5319597,0.053125,0.1421774,17.8645833,131.0-091.0
16,3,0.68592319,67.3232332  0.000097   0.3964916  9.112139 ,363,67.3232332,9.7e-05,0.3964916,9.112139,133.0-065.0
11,18,0.73123119,69.3666955  0.0019052  0.3709811  8.2271944,258,69.3666955,0.0019052,0.3709811,8.2271944,133.0-067.0
14,17,0.34478111,59.6174539  0.1823601  0.346875  83.510546 ,329,59.6174539,0.1823601,0.346875,83.510546,133.0-089.0
16,7,0.75459965,67.4900556  0.000039   0.376157   8.3332203,367,67.4900556,3.9e-05,0.376157,8.3332203,135.0-067.0
7,31,0.17754548,58.0208333  0.196875   0.3999504 55.46875  ,175,58.0208333,0.196875,0.3999504,55.46875,135.0-087.0
13,6,0.65820951,57.5580117  0.05       0.378125  19.3865229,294,57.5580117,0.05,0.378125,19.3865229,135.0-089.0
12,1,1.1619061,63.3221001  0.0588827  0.1124224 16.7429134,265,63.3221001,0.0588827,0.1124224,16.7429134,137.0-067.0
14,21,0.6220345,65.8059589  0.0067463  0.3248816 32.2639052,333,65.8059589,0.0067463,0.3248816,32.2639052,137.0-087.0
13,14,1.0054608,53.9339364  0.0005098  0.3867518 53.6131768,302,53.9339364,0.0005098,0.3867518,53.6131768,139.0-067.0
16,2,0.75595658,68.6974409  0.0017797  0.2904536  7.7043042,362,68.6974409,0.0017797,0.2904536,7.7043042,139.0-069.0
13,11,0.67878494,67.0416171  0.0001998  0.1019016  5.0963969,299,67.0416171,0.0001998,0.1019016,5.0963969,139.0-071.0
12,6,0.83627204,66.6156625  0.0002044  0.3994666 94.7344241,270,66.6156625,0.0002044,0.3994666,94.7344241,139.0-087.0
16,10,0.48537514,69.8285135  0.0119623  0.3666892  5.0045503,370,69.8285135,0.0119623,0.3666892,5.0045503,141.0-071.0
6,6,0.50934907,66.276064   0.0256673  0.343483   6.8694708,126,66.276064,0.0256673,0.343483,6.8694708,141.0-073.0
12,15,0.75283637,65.811563   0.0069761  0.3901937  6.0595813,279,65.811563,0.0069761,0.3901937,6.0595813,141.0-075.0
16,15,1.0140603,69.0750901  0.0004255  0.399685  11.8620471,375,69.0750901,0.0004255,0.399685,11.8620471,141.0-077.0
12,27,0.89655403,63.604553   0.0024931  0.3979289 85.2334069,291,63.604553,0.0024931,0.3979289,85.2334069,141.0-085.0
14,28,1.1318821,64.8170119  0.0030523  0.2763884 45.7575458,340,64.8170119,0.0030523,0.2763884,45.7575458,141.0-087.0
13,3,0.89241354,66.9906131  0.0078855  0.2691905  8.3051663,291,66.9906131,0.0078855,0.2691905,8.3051663,143.0-077.0
10,31,1.1058933,62.2248795  0.0010518  0.1541846 22.5148139,247,62.2248795,0.0010518,0.1541846,22.5148139,143.0-079.0
15,1,3.1044878,66.585233   0.0000722  0.2479971 82.790964 ,337,66.585233,7.22e-05,0.2479971,82.790964,143.0-081.0
9,13,0.59157341,59.2673171  0.0011466  0.3472245 93.7794197,205,59.2673171,0.0011466,0.3472245,93.7794197,143.0-085.0
9,30,0.64985453,67.8771357  0.0203754  0.2719884  5.2739063,222,67.8771357,0.0203754,0.2719884,5.2739063,145.0-081.0
14,11,0.59361098,61.5085079  0.0057692  0.3937144  6.3869095,323,61.5085079,0.0057692,0.3937144,6.3869095,145.0-083.0
12,15,1.2256927,63.984046   0.0011889  0.3344085 96.9294878,279,63.984046,0.0011889,0.3344085,96.9294878,145.0-085.0
10,7,0.3264644,68.319489   0.0010576  0.3884703 55.8147324,223,68.319489,0.0010576,0.3884703,55.8147324,163.0-101.0
7,18,0.15026005,30.6892473  0.002355   0.3971325 94.1226032,162,30.6892473,0.002355,0.3971325,94.1226032,163.0-103.0
15,3,0.20019841,65.1996277  0.0017773  0.3587165 97.8203726,339,65.1996277,0.0017773,0.3587165,97.8203726,163.0-105.0
16,7,0.32080037,59.7404818  0.00625    0.3995165 86.3970044,367,59.7404818,0.00625,0.3995165,86.3970044,163.0-107.0
16,7,0.17405229,69.099613   0.0002602  0.3917163 99.6740674,367,69.099613,0.0002602,0.3917163,99.6740674,163.0-109.0
15,30,0.2171174,56.24494    0.15       0.346875  99.8464649,366,56.24494,0.15,0.346875,99.8464649,165.0-101.0
15,6,0.10911002,57.421623   0.0523897  0.3809824 97.781244 ,342,57.421623,0.0523897,0.3809824,97.781244,165.0-103.0
13,2,0.29667748,69.6488983  0.171875   0.3347592 45.9418698,290,69.6488983,0.171875,0.3347592,45.9418698,167.0-097.0
15,15,0.027756992,38.5737527  0.1124009  0.3109338 69.8179861,351,38.5737527,0.1124009,0.3109338,69.8179861,167.0-099.0
13,8,0.084860412,58.2632222  0.121875   0.2418278 93.126754 ,296,58.2632222,0.121875,0.2418278,93.126754,167.0-101.0
5,1,0.093056419,69.9552632  0.1127241  0.3810246 44.7152493,97,69.9552632,0.1127241,0.3810246,44.7152493,169.0-095.0
14,31,0.39481789,43.9330934  0.2074113  0.2196551 30.1348275,343,43.9330934,0.2074113,0.2196551,30.1348275,169.0-097.0
15,14,0.30664622,61.1458333  0.20625    0.33125   65.3645833,350,61.1458333,0.20625,0.33125,65.3645833,171.0-095.0
11,23,0.066151489,69.7658964  0.165625   0.2813071 94.5370295,263,69.7658964,0.165625,0.2813071,94.5370295,173.0-095.0
7,16,0.1174361,52.8125     0.084375   0.3497962 77.5069626,160,52.8125,0.084375,0.3497962,77.5069626,175.0-095.0
7,13,0.094807651,65.9141951  0.121875   0.3375    43.8788899,157,65.9141951,0.121875,0.3375,43.8788899,177.0-095.0
15,11,0.05708057,64.9798787  0.077592   0.3397327 97.0472893,347,64.9798787,0.077592,0.3397327,97.0472893,179.0-095.0
16,19,0.064117762,48.4094735  0.0375355  0.28245   13.10851  ,379,48.4094735,0.0375355,0.28245,13.10851,181.0-095.0
15,10,0.063505914,41.7020396  0.0572305  0.3996959 12.5525342,346,41.7020396,0.0572305,0.3996959,12.5525342,181.0-097.0
14,31,0.049554871,45.2528164  0.1507057  0.2198068 71.7465326,343,45.2528164,0.1507057,0.2198068,71.7465326,183.0-097.0
11,27,0.42302751,32.1987262  0.1375     0.35625   69.6159424,267,32.1987262,0.1375,0.35625,69.6159424,185.0-095.0
6,10,0.30478555,53.2151898  0.153125   0.3875    85.8205196,130,53.2151898,0.153125,0.3875,85.8205196,185.0-097.0
8,31,0.2009459,50.7291667  0.203125   0.126015  42.6041667,199,50.7291667,0.203125,0.126015,42.6041667,187.0-091.0
6,31,0.16964444,64.7916667  0.2        0.359375  58.4052808,151,64.7916667,0.2,0.359375,58.4052808,187.0-095.0
5,10,0.28008836,62.7083333  0.203125   0.3609473 74.8024315,106,62.7083333,0.203125,0.3609473,74.8024315,189.0-087.0
8,24,0.36683494,33.6081021  0.128125   0.1183008 20.2179242,192,33.6081021,0.128125,0.1183008,20.2179242,189.0-089.0
16,2,0.47456241,69.9619953  0.2791651  0.18125   89.1145833,362,69.9619953,0.2791651,0.18125,89.1145833,189.0-091.0
16,19,0.3322683,69.8766075  0.2        0.3756445 88.9673068,379,69.8766075,0.2,0.3756445,88.9673068,189.0-093.0
13,6,0.43205983,64.3348616  0.0625     0.3623322 74.5746698,294,64.3348616,0.0625,0.3623322,74.5746698,189.0-095.0
10,17,0.14033058,40.5402073  0.1381115  0.3267101 34.8332726,233,40.5402073,0.1381115,0.3267101,34.8332726,191.0-085.0
12,31,0.19201786,33.969166  0.1375    0.14375  79.393154,295,33.969166,0.1375,0.14375,79.393154,191.0-087.0
11,15,1.1346963,52.7222406  0.002202   0.1003087 94.6840636,255,52.7222406,0.002202,0.1003087,94.6840636,193.0-079.0
11,11,1.2431572,58.06473    0.0013861  0.3605659 66.5240366,251,58.06473,0.0013861,0.3605659,66.5240366,193.0-081.0
15,27,0.048613353,45.5208333  0.13125    0.25      44.7915577,363,45.5208333,0.13125,0.25,44.7915577,193.0-083.0
14,27,0.41924136,68.0139062  0.0096645  0.3698398  8.890792 ,339,68.0139062,0.0096645,0.3698398,8.890792,193.0-085.0
13,31,1.0920536,60.8445379  0.0010265  0.272518  82.2213603,319,60.8445379,0.0010265,0.272518,82.2213603,207.0-057.0
16,13,0.34361715,68.9793463  0.003125   0.25      22.9342098,373,68.9793463,0.003125,0.25,22.9342098,209.0-057.0
15,12,1.8483196,69.9516621  0.003125   0.1304269 55.211221 ,348,69.9516621,0.003125,0.1304269,55.211221,209.0-059.0
12,19,0.43925101,42.6914358  0.0001345  0.3916797 12.7756334,283,42.6914358,0.0001345,0.3916797,12.7756334,211.0-059.0
15,7,1.0208653,60.9071523  0.0015689  0.234375  86.2470746,343,60.9071523,0.0015689,0.234375,86.2470746,211.0-061.0
5,3,0.79680407,67.5959612  0.0125     0.3871771 65.3645833,99,67.5959612,0.0125,0.3871771,65.3645833,213.0-061.0
15,27,0.31156659,62.8251083  0.0000215  0.330817  52.2778255,363,62.8251083,2.15e-05,0.330817,52.2778255,213.0-063.0
6,4,1.1789893,34.2614206  0.0041298  0.131832  76.3266536,124,34.2614206,0.0041298,0.131832,76.3266536,213.0-065.0
8,15,0.17379269,63.5891087  0.0021107  0.3939813 99.7785225,183,63.5891087,0.0021107,0.3939813,99.7785225,213.0-117.0
12,30,1.0958902,68.2243331  0.0094864  0.3744302 16.3797552,294,68.2243331,0.0094864,0.3744302,16.3797552,215.0-067.0
10,31,0.26585111,59.9410395  0.0868785  0.1843573 19.924622 ,247,59.9410395,0.0868785,0.1843573,19.924622,215.0-069.0
15,18,0.33897836,67.9896378  0.078125   0.1880741 36.507102 ,354,67.9896378,0.078125,0.1880741,36.507102,215.0-071.0
16,3,0.07518772,54.1175392  0.2939305  0.396875  97.3993459,363,54.1175392,0.2939305,0.396875,97.3993459,215.0-113.0
16,7,0.20457621,29.6411394  0.2570459  0.3982798 86.1421551,367,29.6411394,0.2570459,0.3982798,86.1421551,215.0-115.0
8,19,0.17698267,48.9433645  0.00033    0.3999333 99.7111471,187,48.9433645,0.00033,0.3999333,99.7111471,215.0-117.0
15,23,0.12616335,21.4358201  0.0110657  0.39664   99.6511584,359,21.4358201,0.0110657,0.39664,99.6511584,215.0-119.0
9,31,0.65854675,35.1520339  0.015625   0.2933539 55.46875  ,223,35.1520339,0.015625,0.2933539,55.46875,217.0-071.0
8,28,0.095604161,41.6666667  0.1        0.136671  59.0131359,196,41.6666667,0.1,0.136671,59.0131359,217.0-073.0
8,7,0.16005436,55.3736154  0.0007696  0.3978875 98.5891326,175,55.3736154,0.0007696,0.3978875,98.5891326,217.0-109.0
7,27,1.3850668,57.643903   0.0033347  0.3991775 99.9644434,171,57.643903,0.0033347,0.3991775,99.9644434,217.0-111.0
16,3,0.60894088,59.9898188  0.0003428  0.3074197 99.9870366,363,59.9898188,0.0003428,0.3074197,99.9870366,217.0-115.0
16,15,0.089194552,54.6444532  0.0000184  0.3840596 99.9608362,375,54.6444532,1.84e-05,0.3840596,99.9608362,217.0-117.0
14,23,0.80687035,54.5726376  0.000026   0.3480023 26.0241875,335,54.5726376,2.6e-05,0.3480023,26.0241875,219.0-073.0
10,18,0.54393276,58.913766   0.0030309  0.1014973 14.3815199,234,58.913766,0.0030309,0.1014973,14.3815199,219.0-079.0
15,21,0.66236682,52.1026774  0.0027151  0.1681001 19.7183582,357,52.1026774,0.0027151,0.1681001,19.7183582,219.0-081.0
12,31,0.5601145,52.5532375  0.0048857  0.3962616 15.3670376,295,52.5532375,0.0048857,0.3962616,15.3670376,219.0-083.0
7,5,0.72627262,57.019317   0.0028778  0.187601  69.3884954,149,57.019317,0.0028778,0.187601,69.3884954,219.0-085.0
9,3,1.419869,46.7523569  0.000924   0.1232682 81.4036825,195,46.7523569,0.000924,0.1232682,81.4036825,219.0-087.0
12,8,0.1260954,50.8685396  0.0005433  0.3833863 69.1728063,272,50.8685396,0.0005433,0.3833863,69.1728063,219.0-105.0
8,3,0.39648385,58.494714   0.0009504  0.3987122 99.9934995,171,58.494714,0.0009504,0.3987122,99.9934995,219.0-107.0
5,27,0.26146911,56.275781   0.0001447  0.2100772 99.4706509,123,56.275781,0.0001447,0.2100772,99.4706509,219.0-109.0
16,11,0.22705385,59.6992558  0.0005296  0.3833671 99.9879407,371,59.6992558,0.0005296,0.3833671,99.9879407,219.0-111.0
16,11,0.2017559,59.3380193  0.0048568  0.3997515 99.9264512,371,59.3380193,0.0048568,0.3997515,99.9264512,219.0-113.0
16,7,0.093687745,20.7631792  0.2221885  0.3909133 92.9556638,367,20.7631792,0.2221885,0.3909133,92.9556638,219.0-115.0
10,23,2.0910229,51.4656893  0.00625    0.246875  72.4227345,239,51.4656893,0.00625,0.246875,72.4227345,221.0-067.0
15,31,0.23116225,58.0751545  0.0000287  0.3166354 96.8501085,367,58.0751545,2.87e-05,0.3166354,96.8501085,221.0-073.0
10,29,0.91261237,59.8617431  0.0010628  0.3988746 79.4277885,245,59.8617431,0.0010628,0.3988746,79.4277885,221.0-075.0
11,11,1.0346776,55.784768   0.0024746  0.3558176 51.2089685,251,55.784768,0.0024746,0.3558176,51.2089685,221.0-077.0
6,31,1.1066705,55.9928404  0.0072655  0.378125  98.9940924,151,55.9928404,0.0072655,0.378125,98.9940924,221.0-079.0
15,10,0.88739115,59.9613275  0.0034885  0.1339321 91.372359 ,346,59.9613275,0.0034885,0.1339321,91.372359,221.0-087.0
5,4,1.4340108,39.2289041  0.021875   0.3501162 34.9581804,100,39.2289041,0.021875,0.3501162,34.9581804,221.0-089.0
16,14,0.45285907,59.996968   0.001514   0.3918557 99.8457427,374,59.996968,0.001514,0.3918557,99.8457427,221.0-105.0
8,23,0.38082786,55.6785065  0.0006887  0.3999814 99.9791682,191,55.6785065,0.0006887,0.3999814,99.9791682,221.0-107.0
8,11,0.382407,59.9998565  0.002104   0.2416904 99.8093844,179,59.9998565,0.002104,0.2416904,99.8093844,221.0-109.0
8,31,0.16987376,59.9887324  0.001211   0.3926309 99.6843498,199,59.9887324,0.001211,0.3926309,99.6843498,221.0-111.0
12,18,1.1708868,45.3387694  0.0062251  0.1000685 89.8352846,282,45.3387694,0.0062251,0.1000685,89.8352846,223.0-067.0
16,10,0.95007441,54.778896   0.003125   0.3622224 83.7920629,370,54.778896,0.003125,0.3622224,83.7920629,223.0-069.0
13,23,0.76092047,57.4592707  0.0004479  0.3951248 35.9858155,311,57.4592707,0.0004479,0.3951248,35.9858155,223.0-073.0
15,19,1.1511218,54.0267415  0.0009775  0.3750556 11.165473 ,355,54.0267415,0.0009775,0.3750556,11.165473,223.0-077.0
16,6,0.21142993,56.0140173  0.0068398  0.3982565 10.2980839,366,56.0140173,0.0068398,0.3982565,10.2980839,223.0-079.0
6,3,1.2432391,43.1204293  0.0019515  0.1492862 65.5703593,123,43.1204293,0.0019515,0.1492862,65.5703593,223.0-089.0
8,23,0.5244121,59.9776759  0.0004274  0.1274219 99.9524419,191,59.9776759,0.0004274,0.1274219,99.9524419,223.0-101.0
16,7,0.67938318,59.5832057   0.0008406   0.3992363 100.       ,367,59.5832057,0.0008406,0.3992363,100,223.0-103.0
11,23,0.45229551,59.0126409  0.0018727  0.3495107 67.5888628,263,59.0126409,0.0018727,0.3495107,67.5888628,223.0-105.0
10,25,0.23831156,57.7906581  0.009375   0.375     89.4202616,241,57.7906581,0.009375,0.375,89.4202616,223.0-107.0
8,5,0.086109655,45.7530172  0.0125     0.290625  46.0119333,173,45.7530172,0.0125,0.290625,46.0119333,225.0-065.0
15,11,0.44189733,49.6751782  0.0016859  0.3044104 46.8496628,347,49.6751782,0.0016859,0.3044104,46.8496628,225.0-069.0
6,26,0.20981051,48.1227623  0.0109982  0.3857039 12.7827744,146,48.1227623,0.0109982,0.3857039,12.7827744,225.0-071.0
14,11,0.10224845,56.4196112  0.003125   0.3772061 15.0379216,323,56.4196112,0.003125,0.3772061,15.0379216,225.0-073.0
16,16,0.63526488,58.4619305  0.0001434  0.3622083 35.2802522,376,58.4619305,0.0001434,0.3622083,35.2802522,225.0-075.0
15,11,0.9568198,55.7403356  0.0017489  0.2263251 18.9264032,347,55.7403356,0.0017489,0.2263251,18.9264032,225.0-077.0
5,7,0.54509387,22.5244556  0.2900361  0.3711789 27.8720387,103,22.5244556,0.2900361,0.3711789,27.8720387,225.0-101.0
16,19,0.056011836,39.5833333  0.0140248  0.3986431 95.6157371,379,39.5833333,0.0140248,0.3986431,95.6157371,227.0-073.0
7,6,0.56351591,56.0878497  0.0103162  0.1346889 81.0733864,150,56.0878497,0.0103162,0.1346889,81.0733864,227.0-075.0
16,2,0.79788654,51.5280978  0.0007834  0.156014  19.0582466,362,51.5280978,0.0007834,0.156014,19.0582466,227.0-077.0
16,15,0.85197286,52.0555203  0.0001346  0.3994343 19.4974798,375,52.0555203,0.0001346,0.3994343,19.4974798,227.0-081.0
10,18,0.61885104,54.3302261  0.021875   0.396875   7.96875  ,234,54.3302261,0.021875,0.396875,7.96875,229.0-073.0
13,14,0.13620216,59.3518263  0.0548182  0.3992058 16.7844294,302,59.3518263,0.0548182,0.3992058,16.7844294,229.0-075.0
12,27,0.51332654,57.3283848  0.0002907  0.1926416  8.0856366,291,57.3283848,0.0002907,0.1926416,8.0856366,229.0-077.0
16,3,1.2224841,50.099869   0.0013227  0.384901  33.4274074,363,50.099869,0.0013227,0.384901,33.4274074,229.0-079.0
9,6,0.15311815,58.2774819  0.0016285  0.2997861 99.600941 ,198,58.2774819,0.0016285,0.2997861,99.600941,229.0-117.0
15,15,0.77644083,55.5380754  0.0003095  0.3995073  8.0598058,351,55.5380754,0.0003095,0.3995073,8.0598058,231.0-075.0
15,7,0.4145212,59.2691885  0.0012405  0.3995893 99.9974499,343,59.2691885,0.0012405,0.3995893,99.9974499,231.0-101.0
8,25,0.46700571,59.9995258  0.0000011  0.391549  99.7170517,193,59.9995258,1.1e-06,0.391549,99.7170517,231.0-115.0
8,15,0.32933642,59.9993622  0.0011672  0.3990245 99.9160184,183,59.9993622,0.0011672,0.3990245,99.9160184,231.0-117.0
10,22,0.53659954,59.6988779  0.003125   0.3890419 91.5458173,238,59.6988779,0.003125,0.3890419,91.5458173,233.0-103.0
10,7,0.29607349,59.7971709  0.0004558  0.1042827 99.7506191,223,59.7971709,0.0004558,0.1042827,99.7506191,233.0-115.0
8,25,0.70160055,62.7002355  0.08125    0.31875   14.5244696,193,62.7002355,0.08125,0.31875,14.5244696,235.0-085.0
16,11,0.50487348,57.7994606  0.0005287  0.387283  98.6810295,371,57.7994606,0.0005287,0.387283,98.6810295,235.0-107.0
6,27,0.80184607,50.7736744  0.0032971  0.1112931 99.0824298,147,50.7736744,0.0032971,0.1112931,99.0824298,235.0-115.0
8,15,0.32488334,59.9909789  0.0000227  0.1023082 99.9963016,183,59.9909789,2.27e-05,0.1023082,99.9963016,235.0-117.0
14,29,0.54956589,41.8694435  0.0288373  0.3877304 19.6347178,341,41.8694435,0.0288373,0.3877304,19.6347178,237.0-069.0
11,10,1.0634331,67.5834111  0.000352   0.3028447 99.996351 ,250,67.5834111,0.000352,0.3028447,99.996351,237.0-115.0
12,8,0.30661208,69.7909192  0.0000527  0.2929973 95.0551331,272,69.7909192,5.27e-05,0.2929973,95.0551331,237.0-117.0
9,11,1.0372954,44.7618433  0.0020584  0.3943343 99.8767163,203,44.7618433,0.0020584,0.3943343,99.8767163,239.0-113.0
16,3,0.51614639,68.6419903  0.0002439  0.3757033 99.9838418,363,68.6419903,0.0002439,0.3757033,99.9838418,239.0-115.0
8,27,1.3937759,69.980845   0.0019092  0.3981618 99.9162979,195,69.980845,0.0019092,0.3981618,99.9162979,241.0-115.0
7,29,1.3820324,63.3330497  0.0005459  0.3129189 90.1749071,173,63.3330497,0.0005459,0.3129189,90.1749071,243.0-115.0
10,12,0.28546773,69.9684943  0.003125   0.132194  99.9936578,228,69.9684943,0.003125,0.132194,99.9936578,245.0-115.0
10,27,0.65874759,56.3142295  0.0009586  0.3805543 99.9565737,243,56.3142295,0.0009586,0.3805543,99.9565737,247.0-113.0
15,23,0.68274021,69.115374   0.0000066  0.1491643 99.8835254,359,69.115374,6.6e-06,0.1491643,99.8835254,247.0-115.0
5,10,0.2056418,67.4896718  0.0064516  0.3294962 98.3521421,106,67.4896718,0.0064516,0.3294962,98.3521421,249.0-111.0
5,15,0.47199034,55.9375     0.03125    0.1096285 66.3541667,111,55.9375,0.03125,0.1096285,66.3541667,249.0-113.0
8,3,0.42714863,56.4088399  0.0001384  0.3734711 99.8912457,171,56.4088399,0.0001384,0.3734711,99.8912457,249.0-115.0
15,15,0.36828184,62.0741234  0.0011013  0.2754362 88.5302185,351,62.0741234,0.0011013,0.2754362,88.5302185,251.0-111.0
15,22,0.60491046,59.4852689  0.0008784  0.3777238 90.2834206,358,59.4852689,0.0008784,0.3777238,90.2834206,251.0-113.0
16,3,0.1061117,67.5512002  0.09375    0.3089954 51.9146868,363,67.5512002,0.09375,0.3089954,51.9146868,253.0-089.0
14,7,0.11080028,41.7198775  0.0389939  0.3411048 30.2214675,319,41.7198775,0.0389939,0.3411048,30.2214675,253.0-095.0
14,1,0.38365008,69.9605064  0.009375   0.1625    61.40625  ,313,69.9605064,0.009375,0.1625,61.40625,253.0-105.0
10,8,0.48826744,69.8349276  0.0175718  0.2782838 67.496941 ,224,69.8349276,0.0175718,0.2782838,67.496941,253.0-107.0
15,11,0.21399392,69.0373122  0.0004804  0.3784305 17.8788605,347,69.0373122,0.0004804,0.3784305,17.8788605,253.0-109.0
12,17,0.096318832,44.3648225  0.075      0.351383  90.2685792,281,44.3648225,0.075,0.351383,90.2685792,253.0-111.0
16,15,0.082034591,59.0748188  0.0105971  0.3481167 19.0505706,375,59.0748188,0.0105971,0.3481167,19.0505706,253.0-113.0
16,14,0.29718881,67.8684123  0.000138   0.2088956 95.7577072,374,67.8684123,0.000138,0.2088956,95.7577072,255.0-101.0
16,17,0.085921729,58.0447237  0.047689   0.3        9.7076895,377,58.0447237,0.047689,0.3,9.7076895,255.0-103.0
16,7,0.55434555,65.2100285  0.000985   0.2223695 16.9308939,367,65.2100285,0.000985,0.2223695,16.9308939,255.0-105.0
10,7,0.19551849,33.4568249  0.025      0.378125  90.9534581,223,33.4568249,0.025,0.378125,90.9534581,257.0-099.0
14,27,0.12308322,62.7042039  0.0398577  0.198713  44.0835591,339,62.7042039,0.0398577,0.198713,44.0835591,257.0-101.0
11,31,0.25252159,54.544471   0.0520638  0.3618765 15.4326726,271,54.544471,0.0520638,0.3618765,15.4326726,259.0-097.0
7,22,0.43987888,46.5625     0.05       0.3798317 94.3846699,166,46.5625,0.05,0.3798317,94.3846699,259.0-099.0
8,22,0.75157324,37.5282443  0.0205431  0.3841811 29.547241 ,190,37.5282443,0.0205431,0.3841811,29.547241,259.0-101.0
14,1,0.068804869,67.2084116  0.1169977  0.3275634 51.1820426,313,67.2084116,0.1169977,0.3275634,51.1820426,261.0-095.0
12,16,0.22781822,35.734211  0.059375  0.384375 55.628809,280,35.734211,0.059375,0.384375,55.628809,261.0-097.0
7,2,0.13549644,32.4582374  0.0220703  0.296875   5.0156403,146,32.4582374,0.0220703,0.296875,5.0156403,261.0-099.0
5,1,0.21255008,58.4350449  0.0544738  0.3439438 62.0029073,97,58.4350449,0.0544738,0.3439438,62.0029073,261.0-105.0
10,3,0.043899713,36.7900237  0.046875   0.3739124 72.9456377,219,36.7900237,0.046875,0.3739124,72.9456377,261.0-107.0
12,18,0.28489782,67.3082283  0.1332648  0.3403034 71.9675328,282,67.3082283,0.1332648,0.3403034,71.9675328,263.0-107.0
13,19,0.067517777,42.0672535  0.0640054  0.2263501 16.6062011,307,42.0672535,0.0640054,0.2263501,16.6062011,267.0-109.0
7,5,0.50008491,69.2657606  0.1528028  0.2807736 61.7575538,149,69.2657606,0.1528028,0.2807736,61.7575538,267.0-111.0
12,27,0.68764683,64.0354882  0.0006253  0.2880311 20.3690586,291,64.0354882,0.0006253,0.2880311,20.3690586,267.0-113.0
8,3,0.40602094,38.75       0.0375     0.3938959 17.4375589,171,38.75,0.0375,0.3938959,17.4375589,269.0-111.0
10,6,0.75684582,69.3841169  0.05625    0.1128113 54.5632543,222,69.3841169,0.05625,0.1128113,54.5632543,269.0-113.0
15,31,0.36951812,66.6882698  0.0351998  0.3318761 27.461541 ,367,66.6882698,0.0351998,0.3318761,27.461541,271.0-111.0
10,31,0.17943777,69.9622199  0.0590514  0.1841448 32.912121 ,247,69.9622199,0.0590514,0.1841448,32.912121,271.0-113.0
16,16,0.34199818,58.6807482  0.1975868  0.3143239 92.7283627,376,58.6807482,0.1975868,0.3143239,92.7283627,273.0-097.0
11,31,0.31497141,63.857938   0.1847841  0.2531631 85.493785 ,271,63.857938,0.1847841,0.2531631,85.493785,273.0-101.0
7,31,0.3210813,61.6917267  0.1731285  0.1586942 85.1389893,175,61.6917267,0.1731285,0.1586942,85.1389893,273.0-103.0
16,15,0.047749226,30.2100058  0.078322   0.266621  27.5208444,375,30.2100058,0.078322,0.266621,27.5208444,273.0-109.0
13,27,0.11028472,45.9676443  0.0128688  0.1061484  9.9729904,315,45.9676443,0.0128688,0.1061484,9.9729904,273.0-111.0
4,0,0.67435754,69.8970267  0.1895591  0.2869813 58.1065066,72,69.8970267,0.1895591,0.2869813,58.1065066,275.0-093.0
8,20,0.052497837,56.6605298  0.2        0.39375   46.8422728,188,56.6605298,0.2,0.39375,46.8422728,275.0-105.0
9,10,0.34429413,56.4363525  0.2553881  0.3045553 79.4306068,202,56.4363525,0.2553881,0.3045553,79.4306068,275.0-107.0
13,23,0.042815387,36.8347214  0.1281412  0.3880471 28.2511507,311,36.8347214,0.1281412,0.3880471,28.2511507,275.0-109.0
15,6,0.4757342,60.9403617  0.2        0.396056  88.4850799,342,60.9403617,0.2,0.396056,88.4850799,277.0-091.0
16,17,0.37816404,61.5542706  0.2351866  0.3563055 88.573375 ,377,61.5542706,0.2351866,0.3563055,88.573375,277.0-093.0
8,31,0.23251065,28.8541667  0.0852569  0.315625  97.03125  ,199,28.8541667,0.0852569,0.315625,97.03125,277.0-095.0
16,19,0.18292284,61.6202107  0.1567667  0.1019099 10.1005891,379,61.6202107,0.1567667,0.1019099,10.1005891,277.0-105.0
14,20,0.22424541,66.1083627  0.033132   0.3740315  9.729527 ,332,66.1083627,0.033132,0.3740315,9.729527,277.0-107.0
11,31,0.83083378,67.9086834  0.1936849  0.3743907 99.2974274,271,67.9086834,0.1936849,0.3743907,99.2974274,279.0-087.0
4,5,0.79762918,62.3418482  0.2113837  0.204137  67.449764 ,77,62.3418482,0.2113837,0.204137,67.449764,279.0-089.0
16,5,0.58249365,62.3555353  0.2482289  0.397536  93.3929377,365,62.3555353,0.2482289,0.397536,93.3929377,279.0-091.0
8,26,0.33334668,54.7393788  0.2966908  0.3779848 99.8194003,194,54.7393788,0.2966908,0.3779848,99.8194003,279.0-093.0
4,14,0.24941027,69.465328   0.279635   0.2996437 95.1490172,86,69.465328,0.279635,0.2996437,95.1490172,279.0-095.0
15,4,0.47683325,69.6048022  0.25625    0.265625  99.9478706,340,69.6048022,0.25625,0.265625,99.9478706,279.0-097.0
8,30,2.007499,62.734781   0.2484698  0.1041981 72.00297  ,198,62.734781,0.2484698,0.1041981,72.00297,279.0-099.0
10,7,0.85214065,69.4420591  0.2890359  0.3448638 40.3154465,223,69.4420591,0.2890359,0.3448638,40.3154465,279.0-101.0
16,14,0.094791138,68.2739714  0.2806682  0.3696818 87.9381433,374,68.2739714,0.2806682,0.3696818,87.9381433,279.0-103.0
6,22,0.25072918,45.         0.184375   0.1738321 21.4077398,142,45,0.184375,0.1738321,21.4077398,279.0-105.0
16,18,0.73062832,59.7027399  0.2125     0.378883  94.3281754,378,59.7027399,0.2125,0.378883,94.3281754,281.0-087.0
12,14,0.4039998,53.6748707  0.18125    0.3262492 99.0128873,278,53.6748707,0.18125,0.3262492,99.0128873,281.0-089.0
16,11,0.28399471,54.1012139  0.1426383  0.1098629 98.2526132,371,54.1012139,0.1426383,0.1098629,98.2526132,281.0-091.0
16,4,0.51682877,64.0207273  0.294348   0.3769184 97.5458708,364,64.0207273,0.294348,0.3769184,97.5458708,281.0-093.0
15,31,2.4178405,65.2558     0.0043161  0.390625   9.39094  ,367,65.2558,0.0043161,0.390625,9.39094,281.0-095.0
9,28,0.80685698,66.3234017  0.2628573  0.1481774 42.328729 ,220,66.3234017,0.2628573,0.1481774,42.328729,281.0-097.0
12,17,0.81733901,69.1075776  0.2367608  0.2527481 22.8007194,281,69.1075776,0.2367608,0.2527481,22.8007194,281.0-099.0
9,24,0.42072733,65.4799575  0.039756   0.3613176 73.1588682,216,65.4799575,0.039756,0.3613176,73.1588682,281.0-103.0
15,21,0.76182266,67.9166667  0.20625    0.146875  95.0419343,357,67.9166667,0.20625,0.146875,95.0419343,283.0-085.0
12,15,1.2220458,20.7713144  0.040625   0.1959351 89.2164611,279,20.7713144,0.040625,0.1959351,89.2164611,283.0-089.0
15,6,1.0382407,69.8705653  0.2920155  0.1550768 99.9994396,342,69.8705653,0.2920155,0.1550768,99.9994396,283.0-091.0
13,26,0.55008016,58.7184956  0.3        0.3288507 99.9796273,314,58.7184956,0.3,0.3288507,99.9796273,283.0-093.0
16,6,0.53251549,20.0180641  0.034375   0.35625   31.417292 ,366,20.0180641,0.034375,0.35625,31.417292,283.0-095.0
5,18,0.5531059,50.3140721  0.1943862  0.1095028 79.3387127,114,50.3140721,0.1943862,0.1095028,79.3387127,283.0-097.0
12,14,0.41861184,61.1275735  0.26875    0.146875  88.4618244,278,61.1275735,0.26875,0.146875,88.4618244,283.0-101.0
14,10,0.77902189,28.3333333  0.075      0.15      87.2249966,322,28.3333333,0.075,0.15,87.2249966,283.0-103.0
16,9,0.43630836,69.3296924  0.165625   0.1058783 60.9587592,369,69.3296924,0.165625,0.1058783,60.9587592,285.0-083.0
8,4,0.80446954,47.8689904  0.1597675  0.3585507 66.6658118,172,47.8689904,0.1597675,0.3585507,66.6658118,285.0-085.0
5,22,1.5427564,67.042828   0.240625   0.384375  26.3351749,118,67.042828,0.240625,0.384375,26.3351749,285.0-087.0
16,5,1.1900718,20.0997957  0.021875   0.353125  70.4714277,365,20.0997957,0.021875,0.353125,70.4714277,285.0-089.0
12,11,0.39385247,67.4454603  0.2602059  0.3528938 96.754587 ,275,67.4454603,0.2602059,0.3528938,96.754587,285.0-091.0
11,2,1.087246,69.9921734  0.1608497  0.390625  10.833964 ,242,69.9921734,0.1608497,0.390625,10.833964,285.0-099.0
7,27,0.21501313,23.125      0.053125   0.1174158 84.715855 ,171,23.125,0.053125,0.1174158,84.715855,285.0-101.0
16,14,0.065631035,25.7291667  0.034375   0.3693333 90.0454973,374,25.7291667,0.034375,0.3693333,90.0454973,285.0-109.0
15,13,0.32203473,68.7240558  0.24375    0.1217659 32.7036589,349,68.7240558,0.24375,0.1217659,32.7036589,287.0-083.0
6,11,0.45471975,29.7493406  0.0725991  0.4        8.878549 ,131,29.7493406,0.0725991,0.4,8.878549,287.0-085.0
8,23,0.67832258,64.091924   0.290625   0.1368558 78.9852854,191,64.091924,0.290625,0.1368558,78.9852854,287.0-087.0
16,18,0.50861791,28.0440111  0.0668781  0.2538526 42.7646436,378,28.0440111,0.0668781,0.2538526,42.7646436,287.0-093.0
13,8,0.9817979,67.2411502  0.1518446  0.3916905 63.7463701,296,67.2411502,0.1518446,0.3916905,63.7463701,287.0-099.0
9,7,0.90358959,20.0976429  0.0126433  0.3782889 99.9921861,199,20.0976429,0.0126433,0.3782889,99.9921861,287.0-101.0
9,10,0.48215608,64.4586114  0.190625   0.1085868 86.5110056,202,64.4586114,0.190625,0.1085868,86.5110056,287.0-107.0
16,18,0.88006141,25.3337569  0.01875    0.3690725 76.4726914,378,25.3337569,0.01875,0.3690725,76.4726914,287.0-109.0
15,14,0.7738737,31.0220665  0.004524   0.1064728 88.0752109,350,31.0220665,0.004524,0.1064728,88.0752109,287.0-111.0
12,20,0.27500801,60.3070003  0.242952   0.3176379 33.0547475,284,60.3070003,0.242952,0.3176379,33.0547475,289.0-083.0
10,3,0.78483848,64.8937938  0.259375   0.1059887 87.0152791,219,64.8937938,0.259375,0.1059887,87.0152791,289.0-087.0
14,29,0.66053685,68.9583333  0.29375    0.315625  96.0416667,341,68.9583333,0.29375,0.315625,96.0416667,289.0-089.0
12,13,0.84000443,43.9583333  0.2125     0.265625  56.4583333,277,43.9583333,0.2125,0.265625,56.4583333,289.0-091.0
14,28,0.65755404,69.1407494  0.2464924  0.3615179 68.7342677,340,69.1407494,0.2464924,0.3615179,68.7342677,289.0-093.0
10,9,0.69851766,68.3356821  0.246875   0.4       97.7397473,225,68.3356821,0.246875,0.4,97.7397473,289.0-095.0
14,14,0.12677512,21.5625     0.021338   0.384375  56.2029732,326,21.5625,0.021338,0.384375,56.2029732,289.0-101.0
15,5,0.16756199,21.4230445  0.0265536  0.3856459 27.5705036,341,21.4230445,0.0265536,0.3856459,27.5705036,289.0-103.0
6,23,0.1297262,26.0326369  0.0190226  0.2328027 99.9510371,143,26.0326369,0.0190226,0.2328027,99.9510371,289.0-105.0
5,23,1.1578699,62.3434548  0.18125    0.1084308 29.7395833,119,62.3434548,0.18125,0.1084308,29.7395833,289.0-109.0
11,30,0.77912492,44.226463   0.125281   0.128125  92.1063682,270,44.226463,0.125281,0.128125,92.1063682,289.0-111.0
12,2,0.33780309,46.9653145  0.171875   0.11875   54.4726859,266,46.9653145,0.171875,0.11875,54.4726859,291.0-083.0
16,7,0.76662478,24.6939299  0.057884   0.321875  61.7396271,367,24.6939299,0.057884,0.321875,61.7396271,291.0-087.0
16,15,0.34824721,51.1205787  0.2674074  0.143576  86.378215 ,375,51.1205787,0.2674074,0.143576,86.378215,291.0-089.0
15,19,0.16093887,52.9447604  0.2047206  0.28125   99.9976866,355,52.9447604,0.2047206,0.28125,99.9976866,291.0-091.0
8,11,0.56987751,67.5872792  0.2942527  0.3993326 99.9723713,179,67.5872792,0.2942527,0.3993326,99.9723713,291.0-093.0
14,14,1.0911402,38.7288931  0.028125   0.2708159 13.90625  ,326,38.7288931,0.028125,0.2708159,13.90625,291.0-109.0
16,18,0.48728906,66.9726256  0.2248124  0.2989553 17.7465842,378,66.9726256,0.2248124,0.2989553,17.7465842,291.0-111.0
16,14,0.73690808,53.3333333  0.00625    0.1334075 83.1770833,374,53.3333333,0.00625,0.1334075,83.1770833,293.0-063.0
6,9,0.58749777,41.2453245  0.0056833  0.1358161 99.9921921,129,41.2453245,0.0056833,0.1358161,99.9921921,293.0-065.0
14,21,0.26881057,63.3892797  0.0721085  0.2092611  9.7879477,333,63.3892797,0.0721085,0.2092611,9.7879477,293.0-081.0
9,23,0.37344005,64.4604414  0.21875    0.390625  12.9166667,215,64.4604414,0.21875,0.390625,12.9166667,293.0-083.0
7,13,0.095510096,68.9583333  0.221875   0.325     83.2480537,157,68.9583333,0.221875,0.325,83.2480537,293.0-085.0
14,24,0.92615809,26.8746542  0.0989261  0.3081193 91.5925886,336,26.8746542,0.0989261,0.3081193,91.5925886,293.0-087.0
13,17,0.87424821,29.375     0.096875  0.15625  97.03125 ,305,29.375,0.096875,0.15625,97.03125,293.0-093.0
5,10,0.13279385,25.7291667  0.021875   0.2156465 61.7537282,106,25.7291667,0.021875,0.2156465,61.7537282,293.0-111.0
12,18,2.0845728,48.8397756  0.0012662  0.3881584 86.8623911,282,48.8397756,0.0012662,0.3881584,86.8623911,293.0-113.0
5,23,0.92832967,65.9950685  0.0031325  0.1078643 88.8628806,119,65.9950685,0.0031325,0.1078643,88.8628806,295.0-061.0
16,11,0.60541491,53.2427564  0.0034581  0.1554813 92.4088022,371,53.2427564,0.0034581,0.1554813,92.4088022,295.0-067.0
13,31,0.51849934,66.7734816  0.01317    0.1364522 99.687591 ,319,66.7734816,0.01317,0.1364522,99.687591,295.0-069.0
16,11,0.62080868,67.4570689  0.0120343  0.3837812 26.2236375,371,67.4570689,0.0120343,0.3837812,26.2236375,295.0-081.0
6,27,0.16570196,51.25       0.1375     0.36875   96.8872228,147,51.25,0.1375,0.36875,96.8872228,295.0-083.0
8,19,0.12085702,67.7201419  0.2467313  0.3997596 99.8765431,187,67.7201419,0.2467313,0.3997596,99.8765431,295.0-085.0
14,9,0.74833081,48.6458333  0.240625   0.3946039 32.8012271,321,48.6458333,0.240625,0.3946039,32.8012271,295.0-087.0
14,14,0.71211604,43.4260922  0.2224585  0.1003626 65.9332571,326,43.4260922,0.2224585,0.1003626,65.9332571,295.0-095.0
17,3,0.8010321,26.3123418  0.0023221  0.31875    5.9895833,387,26.3123418,0.0023221,0.31875,5.9895833,295.0-113.0
5,22,0.62432012,60.625       0.0061689   0.3623064 100.       ,118,60.625,0.0061689,0.3623064,100,297.0-069.0
13,20,0.1989602,54.7540451  0.1751633  0.3422289 94.9878096,308,54.7540451,0.1751633,0.3422289,94.9878096,297.0-081.0
7,23,0.54457553,69.392078   0.2414374  0.2170751 86.0069774,167,69.392078,0.2414374,0.2170751,86.0069774,297.0-085.0
16,17,0.86203849,23.125      0.038005   0.3469085 98.2435541,377,23.125,0.038005,0.3469085,98.2435541,297.0-087.0
8,28,0.63792728,35.419853   0.115625   0.3345698 62.067624 ,196,35.419853,0.115625,0.3345698,62.067624,297.0-089.0
13,11,0.76774492,69.7869178  0.2717049  0.3780148 99.5931598,299,69.7869178,0.2717049,0.3780148,99.5931598,297.0-091.0
13,5,0.73850556,54.8122093  0.29375    0.2167594 98.1648212,293,54.8122093,0.29375,0.2167594,98.1648212,297.0-093.0
13,11,1.2146949,26.25       0.1125     0.35625   50.5208333,299,26.25,0.1125,0.35625,50.5208333,297.0-095.0
14,22,0.92797525,52.7105947  0.2762855  0.3841623 59.1063111,334,52.7105947,0.2762855,0.3841623,59.1063111,297.0-097.0
14,20,0.080492938,61.0600216  0.2125     0.346875  71.1443183,332,61.0600216,0.2125,0.346875,71.1443183,297.0-099.0
13,5,0.41467673,36.8645157  0.0625     0.1875    11.0171507,293,36.8645157,0.0625,0.1875,11.0171507,297.0-113.0
16,14,0.083833703,47.8279958  0.121875   0.2968709 12.9166667,374,47.8279958,0.121875,0.2968709,12.9166667,297.0-115.0
8,15,0.70944019,66.3541667  0.0189221  0.3701841 94.1652765,183,66.3541667,0.0189221,0.3701841,94.1652765,299.0-069.0
14,27,0.63081231,48.6379025  0.0025325  0.3809611 98.3836571,339,48.6379025,0.0025325,0.3809611,98.3836571,299.0-071.0
14,26,0.27133716,27.8125     0.01875    0.3325302 24.3286307,338,27.8125,0.01875,0.3325302,24.3286307,299.0-081.0
14,30,0.43276813,20.5208333  0.0168843  0.3711423 36.3329632,342,20.5208333,0.0168843,0.3711423,36.3329632,299.0-085.0
10,0,0.38862314,69.9237244  0.2565323  0.2825338 47.7075286,216,69.9237244,0.2565323,0.2825338,47.7075286,299.0-087.0
15,6,0.37668786,26.0133254  0.0523013  0.280549  53.6472969,342,26.0133254,0.0523013,0.280549,53.6472969,299.0-089.0
16,13,0.5893863,69.8152408  0.2617404  0.247058  66.1237577,373,69.8152408,0.2617404,0.247058,66.1237577,299.0-091.0
7,7,1.0416742,59.0333347  0.2401873  0.1885429  7.5531453,151,59.0333347,0.2401873,0.1885429,7.5531453,299.0-095.0
15,29,0.28965765,56.8105239  0.1968161  0.354729  95.4300641,365,56.8105239,0.1968161,0.354729,95.4300641,299.0-099.0
16,14,0.3725333,60.2768704  0.1        0.2989107 90.0922611,374,60.2768704,0.1,0.2989107,90.0922611,299.0-101.0
6,27,0.82184604,21.0416667  0.0125     0.3977318 96.6654385,147,21.0416667,0.0125,0.3977318,96.6654385,299.0-103.0
11,18,0.12872099,33.8818431  0.084375   0.321875  74.8538409,258,33.8818431,0.084375,0.321875,74.8538409,299.0-105.0
15,10,0.29390807,48.2420057  0.047865   0.3970551 21.5965225,346,48.2420057,0.047865,0.3970551,21.5965225,299.0-107.0
9,13,0.11349358,20.6385676  0.028125   0.2051506 63.1640717,205,20.6385676,0.028125,0.2051506,63.1640717,299.0-115.0
11,3,0.076585551,22.6064151  0.0173535  0.3414681 12.5372792,243,22.6064151,0.0173535,0.3414681,12.5372792,299.0-117.0
6,15,0.75465116,47.8321657  0.0009519  0.3924813 83.2908772,135,47.8321657,0.0009519,0.3924813,83.2908772,301.0-071.0
15,20,0.19076735,65.3780643  0.03125    0.3036065 14.5940999,356,65.3780643,0.03125,0.3036065,14.5940999,301.0-079.0
13,21,0.21179355,65.6826198  0.1207785  0.1159043 88.5512326,309,65.6826198,0.1207785,0.1159043,88.5512326,301.0-081.0
13,30,0.46893691,68.9672502  0.2462866  0.3364954 97.0314952,318,68.9672502,0.2462866,0.3364954,97.0314952,301.0-083.0
16,19,0.12926258,46.5625     0.171875   0.3831178 80.2083333,379,46.5625,0.171875,0.3831178,80.2083333,301.0-085.0
12,18,0.32614866,25.2083333  0.08125    0.3458415 90.1331236,282,25.2083333,0.08125,0.3458415,90.1331236,301.0-087.0
12,9,0.65534516,25.2083333  0.05       0.296875  43.59375  ,273,25.2083333,0.05,0.296875,43.59375,301.0-089.0
9,25,0.50383946,25.0576677  0.0414188  0.1028272 89.6245715,217,25.0576677,0.0414188,0.1028272,89.6245715,301.0-091.0
16,6,0.6686806,69.8103622  0.2214427  0.2682091 87.023039 ,366,69.8103622,0.2214427,0.2682091,87.023039,301.0-095.0
16,9,0.45358958,30.0840323  0.096875   0.3719824 46.8371728,369,30.0840323,0.096875,0.3719824,46.8371728,301.0-097.0
14,17,0.085356747,66.3471874  0.215625   0.38125   87.3157354,329,66.3471874,0.215625,0.38125,87.3157354,301.0-101.0
7,5,0.81075471,69.8534208  0.2680384  0.390625  95.875651 ,149,69.8534208,0.2680384,0.390625,95.875651,301.0-103.0
8,23,0.58244131,59.5833333  0.2        0.1538923 11.9270833,191,59.5833333,0.2,0.1538923,11.9270833,301.0-105.0
5,5,0.27267546,30.4166667  0.059375   0.39375   86.7368777,101,30.4166667,0.059375,0.39375,86.7368777,301.0-107.0
15,6,0.42299347,69.792482   0.196875   0.1883609 91.9827116,342,69.792482,0.196875,0.1883609,91.9827116,301.0-109.0
9,31,0.52626061,25.0700633  0.003125   0.1066084 59.9073285,223,25.0700633,0.003125,0.1066084,59.9073285,301.0-113.0
15,25,0.21252152,29.1364146  0.021875   0.190625   7.5997942,361,29.1364146,0.021875,0.190625,7.5997942,301.0-115.0
16,14,0.068762485,23.1373392  0.0101364  0.15625    5.0426532,374,23.1373392,0.0101364,0.15625,5.0426532,301.0-117.0
15,21,0.18780095,53.0924244  0.1304374  0.28125   45.6577768,357,53.0924244,0.1304374,0.28125,45.6577768,301.0-119.0
15,9,0.51429197,61.2638199  0.029901   0.3304121 96.0212784,345,61.2638199,0.029901,0.3304121,96.0212784,303.0-071.0
12,23,0.26770539,66.4271323  0.0000532  0.3835234 98.3738618,287,66.4271323,5.32e-05,0.3835234,98.3738618,303.0-073.0
6,6,0.17062036,46.76538    0.0138891  0.35625    6.1090652,126,46.76538,0.0138891,0.35625,6.1090652,303.0-079.0
12,15,0.04748229,68.767685   0.1090482  0.253195  34.6962529,279,68.767685,0.1090482,0.253195,34.6962529,303.0-081.0
11,18,0.44455354,20.5760543  0.003125   0.3849556 63.5675581,258,20.5760543,0.003125,0.3849556,63.5675581,303.0-085.0
12,19,0.94592316,53.0042024  0.2        0.1426275 88.3544032,283,53.0042024,0.2,0.1426275,88.3544032,303.0-087.0
10,29,0.27485086,66.3099624  0.2697391  0.3968161 88.944802 ,245,66.3099624,0.2697391,0.3968161,88.944802,303.0-089.0
11,7,0.39271247,57.5        0.228125   0.115625  83.1770833,247,57.5,0.228125,0.115625,83.1770833,303.0-091.0
15,15,0.26473519,66.3816025  0.291739   0.3887463 97.239658 ,351,66.3816025,0.291739,0.3887463,97.239658,303.0-097.0
8,30,0.43207198,58.5416667  0.2375     0.3402008 46.2378377,198,58.5416667,0.2375,0.3402008,46.2378377,303.0-099.0
8,4,0.75321641,23.5349529  0.0477572  0.2       83.818031 ,172,23.5349529,0.0477572,0.2,83.818031,303.0-101.0
10,1,0.36111372,69.0225651  0.2602799  0.3502211 99.9985172,217,69.0225651,0.2602799,0.3502211,99.9985172,303.0-103.0
15,7,0.63724124,56.7133229  0.1375     0.3413382 65.7933607,343,56.7133229,0.1375,0.3413382,65.7933607,303.0-105.0
9,19,0.33323222,65.9177722  0.1321377  0.2774216 82.7002614,211,65.9177722,0.1321377,0.2774216,82.7002614,303.0-107.0
5,26,0.47209719,59.0625     0.090625   0.2071386 77.4998927,122,59.0625,0.090625,0.2071386,77.4998927,303.0-109.0
13,9,0.38236914,62.1898311  0.0376519  0.3865924 13.7471043,297,62.1898311,0.0376519,0.3865924,13.7471043,303.0-115.0
16,11,0.44651963,65.1040943  0.0003697  0.3274449 99.0729891,371,65.1040943,0.0003697,0.3274449,99.0729891,305.0-073.0
5,26,0.33055663,69.5140374  0.0004684  0.217784  85.1581332,122,69.5140374,0.0004684,0.217784,85.1581332,305.0-075.0
12,23,0.39925469,63.6052369  0.0002092  0.3925751  6.7014309,287,63.6052369,0.0002092,0.3925751,6.7014309,305.0-079.0
14,23,0.47854887,69.6575353  0.0823569  0.396875  11.8026273,335,69.6575353,0.0823569,0.396875,11.8026273,305.0-081.0
9,7,0.28568121,51.4241451  0.1262328  0.3790811 45.3767937,199,51.4241451,0.1262328,0.3790811,45.3767937,305.0-083.0
9,23,0.66281189,49.1666667  0.178125   0.328125  66.1436392,215,49.1666667,0.178125,0.328125,66.1436392,305.0-087.0
14,13,0.35859076,56.4583333  0.228125   0.209375  74.2234024,325,56.4583333,0.228125,0.209375,74.2234024,305.0-089.0
14,12,0.75525169,22.9466423  0.003125   0.1875    15.4371105,324,22.9466423,0.003125,0.1875,15.4371105,305.0-091.0
13,20,0.57502364,58.2666958  0.203125   0.1753369 85.8189937,308,58.2666958,0.203125,0.1753369,85.8189937,305.0-093.0
9,30,0.13732976,57.8631635  0.28125    0.2003506 98.4290933,222,57.8631635,0.28125,0.2003506,98.4290933,305.0-097.0
16,19,0.74276592,69.791748   0.2592589  0.3857065 96.9290591,379,69.791748,0.2592589,0.3857065,96.9290591,305.0-099.0
9,23,1.6336381,69.2344236  0.1075826  0.2117805 21.9606714,215,69.2344236,0.1075826,0.2117805,21.9606714,305.0-101.0
8,30,0.47448089,69.2371937  0.159375   0.2379186 53.3409957,198,69.2371937,0.159375,0.2379186,53.3409957,305.0-103.0
10,15,0.31805966,61.6213151  0.09375    0.121875  54.1057995,231,61.6213151,0.09375,0.121875,54.1057995,305.0-115.0
15,25,0.043954857,60.6124396  0.0289764  0.3815253 84.7136827,361,60.6124396,0.0289764,0.3815253,84.7136827,307.0-075.0
7,14,0.066137466,57.9883656  0.034375   0.31875   81.2853828,158,57.9883656,0.034375,0.31875,81.2853828,307.0-077.0
15,29,0.03191091,68.5683632  0.140625   0.2677078 14.9431877,365,68.5683632,0.140625,0.2677078,14.9431877,307.0-081.0
13,0,0.814019,65.4942238  0.2145481  0.392662  84.4666968,288,65.4942238,0.2145481,0.392662,84.4666968,307.0-087.0
6,30,0.36335611,47.6041667  0.16875    0.16875   47.2774846,150,47.6041667,0.16875,0.16875,47.2774846,307.0-089.0
16,7,0.73311427,22.9521253  0.0295436  0.2418324 69.9079748,367,22.9521253,0.0295436,0.2418324,69.9079748,307.0-091.0
12,28,0.749649,67.3799991  0.2243066  0.3037734 92.2335994,292,67.3799991,0.2243066,0.3037734,92.2335994,307.0-093.0
14,12,0.26108316,64.9802103  0.16875    0.3708255 99.7895093,324,64.9802103,0.16875,0.3708255,99.7895093,307.0-095.0
5,27,1.0387694,69.9552469  0.1510837  0.3968008 96.753894 ,123,69.9552469,0.1510837,0.3968008,96.753894,307.0-097.0
13,13,0.82818294,69.3921932  0.1295925  0.1426858 66.8650649,301,69.3921932,0.1295925,0.1426858,66.8650649,307.0-099.0
11,27,0.72375642,69.8801277  0.003025   0.1362007 12.0113509,267,69.8801277,0.003025,0.1362007,12.0113509,307.0-117.0
11,6,0.06470396,55.6546433  0.0146938  0.371875  41.1104869,246,55.6546433,0.0146938,0.371875,41.1104869,309.0-075.0
12,16,0.34062638,63.6119288  0.0292499  0.2996996 42.3300064,280,63.6119288,0.0292499,0.2996996,42.3300064,309.0-077.0
14,10,0.3731424,58.9871652  0.1468378  0.3593147 22.5325663,322,58.9871652,0.1468378,0.3593147,22.5325663,309.0-083.0
15,13,0.55392621,60.625      0.18125    0.31875   50.5208333,349,60.625,0.18125,0.31875,50.5208333,309.0-087.0
16,18,0.75864564,23.0966892  0.0050044  0.2690056 97.7370942,378,23.0966892,0.0050044,0.2690056,97.7370942,309.0-089.0
8,31,0.57967847,65.06405    0.140625   0.265625  45.8479057,199,65.06405,0.140625,0.265625,45.8479057,309.0-091.0
5,16,0.39065563,70.         0.146875   0.15      99.8879195,112,70,0.146875,0.15,99.8879195,309.0-093.0
15,31,0.44474984,65.9041423  0.0008077  0.3999271  7.3568565,367,65.9041423,0.0008077,0.3999271,7.3568565,309.0-117.0
16,11,0.65264536,68.2064053  0.0000765  0.3978504  7.62864  ,371,68.2064053,7.65e-05,0.3978504,7.62864,309.0-119.0
7,5,0.15299915,69.8941794  0.0624046  0.3109248 46.9936408,149,69.8941794,0.0624046,0.3109248,46.9936408,311.0-077.0
12,26,0.39424734,67.5159603  0.0500676  0.3388425 70.5520064,290,67.5159603,0.0500676,0.3388425,70.5520064,311.0-079.0
10,11,0.73342269,69.9152676  0.0988202  0.1499904 97.1138109,227,69.9152676,0.0988202,0.1499904,97.1138109,311.0-081.0
15,23,0.61565145,50.9511413  0.1177612  0.2559239 96.7929213,359,50.9511413,0.1177612,0.2559239,96.7929213,311.0-083.0
13,18,0.86601103,66.875      0.18125    0.325     57.6801135,306,66.875,0.18125,0.325,57.6801135,311.0-087.0
16,1,0.94547889,69.7943957  0.1582831  0.2578466 73.3561539,361,69.7943957,0.1582831,0.2578466,73.3561539,311.0-089.0
12,29,0.10276955,58.9090816  0.1165766  0.2777356 47.6936145,293,58.9090816,0.1165766,0.2777356,47.6936145,311.0-121.0
6,25,1.2939564,62.7464131  0.0168372  0.3937099 78.9119866,145,62.7464131,0.0168372,0.3937099,78.9119866,313.0-057.0
4,20,0.12451826,69.7348353  0.0646487  0.25362   16.0477417,92,69.7348353,0.0646487,0.25362,16.0477417,313.0-077.0
13,2,0.1471018,53.9040982  0.0162911  0.2421842 99.681329 ,290,53.9040982,0.0162911,0.2421842,99.681329,313.0-079.0
12,14,0.21965438,67.6485486  0.18125    0.321459  99.9366087,278,67.6485486,0.18125,0.321459,99.9366087,313.0-085.0
12,1,1.091078,69.9667169  0.175      0.1170163 83.058236 ,265,69.9667169,0.175,0.1170163,83.058236,313.0-087.0
15,1,1.016084,68.6139406  0.1649194  0.3730473 96.984804 ,337,68.6139406,0.1649194,0.3730473,96.984804,313.0-089.0
9,22,0.83975891,56.5628916  0.0135717  0.3714459 39.4901695,214,56.5628916,0.0135717,0.3714459,39.4901695,315.0-057.0
14,31,0.083356496,69.0478958  0.0004435  0.3947592 20.8852814,343,69.0478958,0.0004435,0.3947592,20.8852814,315.0-075.0
8,19,0.10561759,65.2612768  0.025      0.3780707 59.318321 ,187,65.2612768,0.025,0.3780707,59.318321,315.0-077.0
16,3,0.28251952,55.0411982  0.003125   0.1198279 18.938176 ,363,55.0411982,0.003125,0.1198279,18.938176,315.0-079.0
15,3,0.70218294,69.9486357  0.16875    0.3067591 76.5706893,339,69.9486357,0.16875,0.3067591,76.5706893,315.0-083.0
13,4,0.63943934,69.8837428  0.19375    0.3954051 83.9589731,292,69.8837428,0.19375,0.3954051,83.9589731,315.0-085.0
14,28,0.56059349,63.1672191  0.15625    0.2       94.6409957,340,63.1672191,0.15625,0.2,94.6409957,315.0-087.0
15,12,0.41391793,65.3942243  0.1507983  0.3373    99.9911045,348,65.3942243,0.1507983,0.3373,99.9911045,315.0-089.0
15,20,1.02801,29.073782   0.0102261  0.1411465 98.1104263,356,29.073782,0.0102261,0.1411465,98.1104263,315.0-097.0
12,27,0.85690058,69.5349468  0.0154685  0.3190506 96.5482215,291,69.5349468,0.0154685,0.3190506,96.5482215,317.0-055.0
4,19,0.6686197,57.9816942  0.0042366  0.1834389 45.3115844,91,57.9816942,0.0042366,0.1834389,45.3115844,317.0-057.0
12,15,0.21953882,69.7636585  0.0009464  0.3917108 42.0014034,279,69.7636585,0.0009464,0.3917108,42.0014034,317.0-073.0
7,20,0.13372275,66.276618   0.0001105  0.3967614 90.4079847,164,66.276618,0.0001105,0.3967614,90.4079847,317.0-075.0
12,7,0.18829832,65.8566845  0.0014982  0.14348   44.3526326,271,65.8566845,0.0014982,0.14348,44.3526326,317.0-077.0
5,10,0.28697309,68.9583333  0.0287541  0.196875  33.4796744,106,68.9583333,0.0287541,0.196875,33.4796744,317.0-079.0
15,25,0.60691447,68.8201533  0.125      0.3875    59.3977958,361,68.8201533,0.125,0.3875,59.3977958,317.0-081.0
9,14,0.72046537,56.4177781  0.14375    0.1358535 98.5098059,206,56.4177781,0.14375,0.1358535,98.5098059,317.0-083.0
12,30,0.79537203,69.9933861  0.2375     0.3160286 93.2197855,294,69.9933861,0.2375,0.3160286,93.2197855,317.0-085.0
6,2,0.90596834,69.6932233  0.19375    0.399416  99.4992786,122,69.6932233,0.19375,0.399416,99.4992786,317.0-087.0
6,19,0.97484857,69.0651024  0.1396902  0.146875  81.2568902,139,69.0651024,0.1396902,0.146875,81.2568902,317.0-089.0
4,2,1.4978095,67.2451738  0.0022758  0.2412018 99.7789211,74,67.2451738,0.0022758,0.2412018,99.7789211,319.0-055.0
5,26,0.91194248,69.8349644  0.0019037  0.3980902 97.9182736,122,69.8349644,0.0019037,0.3980902,97.9182736,319.0-057.0
5,11,0.025852788,69.5367798  0.0302905  0.3977109 74.9012075,107,69.5367798,0.0302905,0.3977109,74.9012075,319.0-073.0
16,9,0.66186547,59.2761253  0.1361445  0.3481903 91.6074512,369,59.2761253,0.1361445,0.3481903,91.6074512,319.0-081.0
11,21,0.5823385,60.7211105  0.25625    0.396875  94.3611826,261,60.7211105,0.25625,0.396875,94.3611826,319.0-083.0
8,10,0.42730961,67.8248599  0.2790341  0.3813296 99.9597243,178,67.8248599,0.2790341,0.3813296,99.9597243,319.0-085.0
14,28,0.93977589,67.8363414  0.1109011  0.1047344 88.1882239,340,67.8363414,0.1109011,0.1047344,88.1882239,319.0-087.0
12,11,1.1161433,51.88919    0.078125   0.159375  99.8349115,275,51.88919,0.078125,0.159375,99.8349115,319.0-089.0
15,13,1.7137832,66.4597342  0.0356866  0.1009228 95.629628 ,349,66.4597342,0.0356866,0.1009228,95.629628,319.0-099.0
4,26,0.17265355,45.7478697  0.0246623  0.3491285 96.0278305,98,45.7478697,0.0246623,0.3491285,96.0278305,321.0-073.0
9,19,0.088050804,60.9353487  0.0015936  0.3948079 34.8490302,211,60.9353487,0.0015936,0.3948079,34.8490302,321.0-075.0
15,1,0.30363842,61.7760935  0.0134723  0.1933037 62.0630097,337,61.7760935,0.0134723,0.1933037,62.0630097,321.0-077.0
12,27,0.39130178,62.0892121  0.0024227  0.1149641 27.6044968,291,62.0892121,0.0024227,0.1149641,27.6044968,321.0-079.0
15,10,0.45346308,68.0516643  0.1598656  0.1590532 75.2513506,346,68.0516643,0.1598656,0.1590532,75.2513506,321.0-081.0
15,9,0.22454275,66.7357177  0.203125   0.365756  99.9074062,345,66.7357177,0.203125,0.365756,99.9074062,321.0-083.0
13,22,0.41379446,52.7301664  0.0951971  0.2962682 99.7688114,310,52.7301664,0.0951971,0.2962682,99.7688114,321.0-087.0
8,26,0.32135033,63.4703263  0.0005422  0.1124867 91.7805459,194,63.4703263,0.0005422,0.1124867,91.7805459,323.0-075.0
13,17,0.5527873,61.888501   0.0007586  0.3214261 82.6031345,305,61.888501,0.0007586,0.3214261,82.6031345,323.0-077.0
12,19,0.48483098,54.6487675  0.0007905  0.1260681 53.6142456,283,54.6487675,0.0007905,0.1260681,53.6142456,323.0-079.0
16,5,0.37945147,69.6771539  0.228125   0.3922181 99.8737323,365,69.6771539,0.228125,0.3922181,99.8737323,323.0-081.0
15,30,0.35780585,48.2927762  0.2562481  0.3242833 72.6887475,366,48.2927762,0.2562481,0.3242833,72.6887475,323.0-083.0
16,11,0.83544019,58.6716665  0.11875    0.2211813 87.9751942,371,58.6716665,0.11875,0.2211813,87.9751942,323.0-087.0
15,19,0.68323138,69.9762231  0.001841   0.3976236 17.3914022,355,69.9762231,0.001841,0.3976236,17.3914022,325.0-051.0
14,29,2.011061,68.5862915  0.0009631  0.1112768 73.9456065,341,68.5862915,0.0009631,0.1112768,73.9456065,325.0-071.0
16,7,1.1773437,69.8648111  0.0000036  0.2440184 59.9682156,367,69.8648111,3.6e-06,0.2440184,59.9682156,325.0-073.0
14,19,0.23498719,61.7899372  0.0002733  0.3793083 58.5370014,331,61.7899372,0.0002733,0.3793083,58.5370014,325.0-075.0
14,9,0.44977883,63.4538198  0.1021779  0.3980863 52.8344281,321,63.4538198,0.1021779,0.3980863,52.8344281,325.0-081.0
11,15,0.71608357,45.5208333  0.228125   0.3387062 26.0671876,255,45.5208333,0.228125,0.3387062,26.0671876,325.0-083.0
16,2,0.49830354,64.8073757  0.1338668  0.3371024 79.5697808,362,64.8073757,0.1338668,0.3371024,79.5697808,325.0-085.0
8,0,0.74633623,59.5921625  0.1089113  0.19375   45.9594698,168,59.5921625,0.1089113,0.19375,45.9594698,325.0-087.0
12,5,0.39950502,57.5        0.103125   0.101416  49.4759404,269,57.5,0.103125,0.101416,49.4759404,325.0-103.0
15,4,0.6555067,66.8866827  0.0013007  0.373181  12.5517499,340,66.8866827,0.0013007,0.373181,12.5517499,327.0-051.0
14,3,1.5448598,68.1337707  0.0006064  0.3924006 92.273094 ,315,68.1337707,0.0006064,0.3924006,92.273094,327.0-071.0
11,30,0.74749975,66.4034213  0.0003266  0.193844  34.4943083,270,66.4034213,0.0003266,0.193844,34.4943083,327.0-073.0
9,18,0.74843143,63.75       0.090625   0.1482186 53.1924919,210,63.75,0.090625,0.1482186,53.1924919,327.0-079.0
15,11,0.49430457,69.7744265  0.139455   0.2976665 97.3159848,347,69.7744265,0.139455,0.2976665,97.3159848,327.0-081.0
16,12,0.58543151,30.9375     0.034375   0.234375  47.9412671,372,30.9375,0.034375,0.234375,47.9412671,327.0-083.0
16,18,0.43758897,68.8917557  0.1275846  0.3771805 95.3497024,378,68.8917557,0.1275846,0.3771805,95.3497024,327.0-085.0
7,15,0.61198254,69.9830701  0.1        0.34375   88.9378816,159,69.9830701,0.1,0.34375,88.9378816,327.0-087.0
11,22,1.2005349,66.5687755  0.0032836  0.2932419 51.2748755,262,66.5687755,0.0032836,0.2932419,51.2748755,329.0-053.0
10,11,1.1007483,69.8823842  0.0003675  0.2424552 34.1298909,227,69.8823842,0.0003675,0.2424552,34.1298909,329.0-067.0
10,15,1.0752829,66.5773274  0.0007814  0.2773021 40.2105138,231,66.5773274,0.0007814,0.2773021,40.2105138,329.0-069.0
15,7,0.25634305,67.940887   0.0009208  0.2755393 21.6455286,343,67.940887,0.0009208,0.2755393,21.6455286,329.0-071.0
8,13,0.60113303,60.6579147  0.084375   0.23125   36.4486214,181,60.6579147,0.084375,0.23125,36.4486214,329.0-079.0
14,16,0.50790926,66.9002244  0.125031   0.3433146 75.8732337,328,66.9002244,0.125031,0.3433146,75.8732337,329.0-081.0
14,30,0.38923307,70.         0.13125    0.2212169 58.4774347,342,70,0.13125,0.2212169,58.4774347,329.0-083.0
8,13,0.49768162,61.3728322  0.1272978  0.3984631 20.2232866,181,61.3728322,0.1272978,0.3984631,20.2232866,329.0-085.0
14,14,0.52702587,64.7668372  0.1125     0.33125   96.5323971,326,64.7668372,0.1125,0.33125,96.5323971,329.0-089.0
16,19,1.2215572,69.962789   0.0012391  0.3418183 18.7657364,379,69.962789,0.0012391,0.3418183,18.7657364,331.0-053.0
7,27,0.97536706,69.9316957  0.0094445  0.168849  24.7653163,171,69.9316957,0.0094445,0.168849,24.7653163,331.0-055.0
10,14,0.9666197,69.6857616  0.0012484  0.1155895 91.3646397,230,69.6857616,0.0012484,0.1155895,91.3646397,331.0-057.0
8,27,1.2735064,36.663766   0.0006111  0.219026  86.6394031,195,36.663766,0.0006111,0.219026,86.6394031,331.0-065.0
8,15,0.98900706,64.2872479  0.0011404  0.3780411 52.3916144,183,64.2872479,0.0011404,0.3780411,52.3916144,331.0-067.0
16,10,0.5688776,56.9791667  0.090625   0.3173047 39.6097962,370,56.9791667,0.090625,0.3173047,39.6097962,331.0-079.0
13,30,0.40371755,61.0212103  0.121875   0.332732  93.2713192,318,61.0212103,0.121875,0.332732,93.2713192,331.0-081.0
6,21,0.36965656,69.8135715  0.115625   0.1563983 90.1885665,141,69.8135715,0.115625,0.1563983,90.1885665,331.0-083.0
15,0,0.42965793,53.8541667  0.115625   0.18125   99.6741691,336,53.8541667,0.115625,0.18125,99.6741691,331.0-085.0
11,31,0.73379203,45.4441119  0.0755375  0.3687368 35.8443159,271,45.4441119,0.0755375,0.3687368,35.8443159,331.0-087.0
16,10,0.77745498,33.5416667  0.046875   0.1963798 84.95113  ,370,33.5416667,0.046875,0.1963798,84.95113,331.0-097.0
7,6,0.37779887,69.9840773  0.0000564  0.3728069 12.7247441,150,69.9840773,5.64e-05,0.3728069,12.7247441,333.0-057.0
15,23,0.46767248,63.8545156  0.00052    0.2945207 13.5762473,359,63.8545156,0.00052,0.2945207,13.5762473,333.0-059.0
11,14,0.77675813,64.6865801  0.0020552  0.3110013 20.9556144,254,64.6865801,0.0020552,0.3110013,20.9556144,333.0-061.0
16,19,0.96697935,69.922211   0.0003915  0.1182397 97.9115356,379,69.922211,0.0003915,0.1182397,97.9115356,333.0-063.0
8,11,0.56587467,66.5418037  0.0031091  0.1145559 39.1064431,179,66.5418037,0.0031091,0.1145559,39.1064431,333.0-065.0
7,29,0.4909675,63.0519001  0.1        0.153125  71.1149544,173,63.0519001,0.1,0.153125,71.1149544,333.0-079.0
12,25,0.43329229,68.902098   0.115625   0.1625    92.9939708,289,68.902098,0.115625,0.1625,92.9939708,333.0-081.0
13,14,0.50293916,60.9632153  0.0987004  0.232215  72.509388 ,302,60.9632153,0.0987004,0.232215,72.509388,333.0-085.0
14,18,0.66857485,67.9541266  0.09375    0.3223449 93.8265533,330,67.9541266,0.09375,0.3223449,93.8265533,333.0-087.0
15,30,0.43543402,61.6666667  0.1        0.31875   41.9307392,366,61.6666667,0.1,0.31875,41.9307392,335.0-079.0
11,11,0.56372881,61.1197159  0.1074575  0.1173191 93.2272127,251,61.1197159,0.1074575,0.1173191,93.2272127,335.0-083.0
12,18,0.52889292,68.3492059  0.0873122  0.2347203 97.4642481,282,68.3492059,0.0873122,0.2347203,97.4642481,335.0-085.0
6,21,0.48427347,69.5353824  0.1034388  0.3463571 82.7738645,141,69.5353824,0.1034388,0.3463571,82.7738645,337.0-081.0
10,14,0.596598,69.8612338  0.1042919  0.1150774 46.6705836,230,69.8612338,0.1042919,0.1150774,46.6705836,337.0-083.0
5,6,0.43779604,69.9627426   0.1         0.1036744 100.       ,102,69.9627426,0.1,0.1036744,100,339.0-081.0
12,24,0.51412757,59.320398   0.090625   0.1222725 75.7744382,288,59.320398,0.090625,0.1222725,75.7744382,339.0-083.0
7,28,0.77548063,54.8958333  0.140625   0.303125  99.8534226,172,54.8958333,0.140625,0.303125,99.8534226,339.0-097.0
11,6,0.7014499,59.5246333  0.1125     0.243577  73.5265035,246,59.5246333,0.1125,0.243577,73.5265035,341.0-079.0
10,23,0.34211476,69.3553161  0.1142454  0.15      99.8057175,239,69.3553161,0.1142454,0.15,99.8057175,341.0-081.0
12,11,0.6008314,67.7641749  0.1089523  0.1792941 71.9450761,275,67.7641749,0.1089523,0.1792941,71.9450761,343.0-079.0
14,19,2.1374357,69.1508662  0.0875     0.30625   99.1709696,331,69.1508662,0.0875,0.30625,99.1709696,343.0-095.0
10,31,0.1666432,62.5121629  0.0000945  0.2768562  9.6991205,247,62.5121629,9.45e-05,0.2768562,9.6991205,345.0-069.0
5,15,0.42317752,63.75       0.090625   0.1637072 53.0977212,111,63.75,0.090625,0.1637072,53.0977212,345.0-079.0
15,11,0.13320366,63.3129421  0.0012606  0.399725  10.600597 ,347,63.3129421,0.0012606,0.399725,10.600597,347.0-067.0
14,23,0.091252202,59.6885592  0.0001029  0.3999707 10.4764115,335,59.6885592,0.0001029,0.3999707,10.4764115,347.0-069.0
15,22,0.5516777,65.3125    0.090625  0.359375 55.46875 ,358,65.3125,0.090625,0.359375,55.46875,347.0-073.0
16,13,0.34271974,66.7153143  0.0972829  0.1966154 70.4733789,373,66.7153143,0.0972829,0.1966154,70.4733789,347.0-079.0
16,19,0.71846074,67.3560798  0.0018152  0.3986025  5.5828823,379,67.3560798,0.0018152,0.3986025,5.5828823,349.0-073.0
13,21,0.44148538,65.0323331  0.1222404  0.3925338 90.97087  ,309,65.0323331,0.1222404,0.3925338,90.97087,349.0-095.0
16,14,1.3679161,65.76327    0.000036   0.3787368  8.5423013,374,65.76327,3.6e-05,0.3787368,8.5423013,353.0-055.0
12,11,0.16169305,52.2916667  0.059375   0.3997585 15.5300338,275,52.2916667,0.059375,0.3997585,15.5300338,353.0-091.0
16,15,0.45621691,45.5003114  0.046875   0.1263299 38.6458333,375,45.5003114,0.046875,0.1263299,38.6458333,353.0-093.0
11,14,0.72428629,69.6242882  0.0006341  0.1193301 11.7060133,254,69.6242882,0.0006341,0.1193301,11.7060133,355.0-053.0
14,2,1.2029306,69.9594298  0.0003938  0.2321339 10.03975  ,314,69.9594298,0.0003938,0.2321339,10.03975,355.0-055.0
6,31,1.78614,69.7705206  0.0015265  0.130863  11.7124673,151,69.7705206,0.0015265,0.130863,11.7124673,357.0-051.0
16,19,1.3637325,69.594376   0.0002392  0.3849832 11.427562 ,379,69.594376,0.0002392,0.3849832,11.427562,357.0-053.0
14,4,0.60222308,59.8920992  0.0347635  0.3365565 13.6114782,316,59.8920992,0.0347635,0.3365565,13.6114782,357.0-071.0
11,4,0.60675739,65.4955377  0.0899081  0.1674483 28.6158753,244,65.4955377,0.0899081,0.1674483,28.6158753,357.0-073.0
11,26,0.71602299,63.292943   0.0296371  0.2323072 12.6732218,266,63.292943,0.0296371,0.2323072,12.6732218,359.0-071.0
5,25,0.64223949,55.4166667  0.075      0.3639626 53.9249832,121,55.4166667,0.075,0.3639626,53.9249832,359.0-073.0
10,14,0.20020946,69.8880437  0.08125    0.3101773 75.4612638,230,69.8880437,0.08125,0.3101773,75.4612638,359.0-081.0
